full_name;age;league;season;position;Current Club;nationality;appearances_overall;goals_overall;goals_home;goals_away;assists_overall;assists_home;assists_away;yellow_cards_overall;red_cards_overall
Alan Ferney Navarro Espinosa;33;Categoria Primera A;2015;Midfielder;Patriotas Boyacá;Colombia;13;1;1;0;0;0;0;6;1
Alberto Andrés Pardo Zapata;26;Categoria Primera A;2015;Midfielder;Uniautónoma;Colombia;9;0;0;0;0;0;0;3;0
Alejandro Abraham Guerra Morales;37;Categoria Primera A;2015;Midfielder;Atlético Nacional;Venezuela;26;4;4;0;0;0;0;2;0
Alejandro Bernal Ríos;34;Categoria Primera A;2015;Defender;Atlético Nacional;Colombia;32;1;0;1;0;0;0;10;0
Alejandro Rojas Ortega;27;Categoria Primera A;2015;Midfielder;Cúcuta Deportivo;Colombia;2;0;0;0;0;0;0;1;0
Alex Díaz Díaz;33;Categoria Primera A;2015;Defender;Deportivo Pasto;Colombia;14;0;0;0;0;0;0;5;1
Alex Stik Castro Giraldo;28;Categoria Primera A;2015;Midfielder;Alianza Petrolera;Colombia;35;1;1;0;0;0;0;4;0
Alexander Ibarra Becerra;29;Categoria Primera A;2015;Forward;Jaguares de Córdoba;Colombia;12;0;0;0;0;0;0;0;0
Alexander Mejía Sabalsa;34;Categoria Primera A;2015;Midfielder;Atlético Nacional;Colombia;23;0;0;0;0;0;0;5;0
Alexis Héctor Henríquez Charales;39;Categoria Primera A;2015;Defender;Atlético Nacional;Colombia;37;1;1;0;0;0;0;10;1
Alexis Rafael Pérez Fontanilla;28;Categoria Primera A;2015;Defender;Uniautónoma;Colombia;12;0;0;0;0;0;0;1;0
Alfredo Morelos;26;Categoria Primera A;2015;Forward;Independiente Medellín;Colombia;6;0;0;0;0;0;0;1;0
Alí Rodolfo Reyes Vivero;29;Categoria Primera A;2015;Midfielder;Deportivo Cali;Colombia;2;0;0;0;0;0;0;1;0
Almir de Jesús Soto Maldonado;28;Categoria Primera A;2015;Midfielder;Santa Fe;Colombia;13;2;1;1;0;0;0;4;0
Alonso Antonio Acosta Arrieta;33;Categoria Primera A;2015;Defender;Uniautónoma;Colombia;29;0;0;0;0;0;0;5;0
Álvaro Alberto Arias Almazo;28;Categoria Primera A;2015;Midfielder;Uniautónoma;Colombia;2;0;0;0;0;0;0;1;0
Álvaro Anyiver Angulo Mosquera;25;Categoria Primera A;2015;Defender;Deportivo Pasto;Colombia;4;0;0;0;0;0;0;1;0
Álvaro Francisco Nájera Gil;39;Categoria Primera A;2015;Defender;Atlético Nacional;Colombia;28;2;1;1;0;0;0;7;0
Álvaro Javier Cabas Rivas;26;Categoria Primera A;2015;Forward;Deportes Tolima;Colombia;1;0;0;0;0;0;0;0;0
Alveiro Sánchez Ramírez;24;Categoria Primera A;2015;Forward;Deportivo Cali;Colombia;1;0;0;0;0;0;0;0;0
Amaury Torralvo Polo;28;Categoria Primera A;2015;Defender;La Equidad;Colombia;12;1;1;0;0;0;0;3;0
Anderson Daniel Plata Guillén;31;Categoria Primera A;2015;Forward;Atlético Huila;Colombia;20;2;1;1;0;0;0;4;0
Anderson Fernan Zapata Diosa;37;Categoria Primera A;2015;Midfielder;Rionegro Águilas;Colombia;17;0;0;0;0;0;0;2;0
Andrés Cadavid;36;Categoria Primera A;2015;Defender;Millonarios;Colombia;29;0;0;0;0;0;0;13;1
Andrés Eduardo Pérez Gutiérrez;41;Categoria Primera A;2015;Midfielder;Deportivo Cali;Colombia;41;3;0;3;0;0;0;21;1
Andrés Felipe Álvarez Gordón;29;Categoria Primera A;2015;Defender;Alianza Petrolera;Colombia;3;0;0;0;0;0;0;3;0
Andrés Felipe Arboleda Hurtado;35;Categoria Primera A;2015;Defender;Cúcuta Deportivo;Colombia;14;1;0;1;0;0;0;4;0
Andrés Felipe Correa Osorio;38;Categoria Primera A;2015;Defender;Junior;Colombia;37;1;1;0;0;0;0;6;0
Andrés Felipe Mosquera Guardia;32;Categoria Primera A;2015;Defender;Independiente Medellín;Colombia;40;1;1;0;0;0;0;10;1
Andrés Felipe Orozco Vásquez;43;Categoria Primera A;2015;Defender;Envigado;Colombia;35;1;1;0;0;0;0;9;1
Andrés Felipe Quejada Murillo;36;Categoria Primera A;2015;Defender;Cortuluá;Colombia;28;0;0;0;0;0;0;11;2
Andrés Felipe Roa Estrada;29;Categoria Primera A;2015;Midfielder;Deportivo Cali;Colombia;29;5;1;4;0;0;0;3;1
Andrés Ibargüen;30;Categoria Primera A;2015;Forward;Deportes Tolima;Colombia;47;10;9;1;0;0;0;5;0
Andrés Javier Mosquera Murillo;32;Categoria Primera A;2015;Forward;Envigado;Colombia;12;1;1;0;0;0;0;2;0
Andrés Leandro Castellanos Serrano;38;Categoria Primera A;2015;Goalkeeper;Santa Fe;Colombia;30;0;0;0;0;0;0;4;0
Andrés Mauricio Restrepo Gómez;41;Categoria Primera A;2015;Midfielder;La Equidad;Colombia;22;0;0;0;0;0;0;4;0
Andrés Murillo;26;Categoria Primera A;2015;Defender;La Equidad;Colombia;31;1;0;1;0;0;0;14;1
Andrés Ramiro Escobar Díaz;31;Categoria Primera A;2015;Forward;Atlético Nacional;Colombia;14;1;0;1;0;0;0;1;0
Andrés Ricaurte Vélez;30;Categoria Primera A;2015;Midfielder;Rionegro Águilas;Colombia;3;1;1;0;0;0;0;0;0
Andy Robert Pando García;39;Categoria Primera A;2015;Forward;La Equidad;Peru;27;5;5;0;0;0;0;1;0
Ángelo Rodríguez;33;Categoria Primera A;2015;Forward;Independiente Medellín;Colombia;18;3;2;1;0;0;0;2;0
Antonio Alejandro Otero Orejuéla;38;Categoria Primera A;2015;Goalkeeper;Patriotas Boyacá;Colombia;6;0;0;0;0;0;0;0;0
Antony Domingo Silva Cano;38;Categoria Primera A;2015;Goalkeeper;Independiente Medellín;Paraguay;35;0;0;0;0;0;0;3;1
Antony Ibarbo Guerrero;25;Categoria Primera A;2015;Midfielder;Boyacá Chicó;Colombia;0;0;0;0;0;0;0;0;0
Argenis Orlando Alba Ramírez;26;Categoria Primera A;2015;Defender;Cúcuta Deportivo;Colombia;8;0;0;0;0;0;0;2;0
Arlenzon Luis Ucrós Brito;30;Categoria Primera A;2015;Midfielder;Cortuluá;Colombia;2;0;0;0;0;0;0;0;0
Arley Rodríguez;29;Categoria Primera A;2015;Forward;Alianza Petrolera;Colombia;31;5;4;1;0;0;0;13;0
Armando Junior Vargas Morales;33;Categoria Primera A;2015;Midfielder;Santa Fe;Colombia;26;2;1;1;0;0;0;4;0
Arnol Palacios Mosquera;30;Categoria Primera A;2015;Defender;Atlético Huila;Colombia;11;0;0;0;0;0;0;2;1
Avimiled Rivas Quintero;37;Categoria Primera A;2015;Midfielder;Deportes Tolima;Colombia;35;1;0;1;0;0;0;16;1
Baldomero Perlaza Perlaza;30;Categoria Primera A;2015;Midfielder;Santa Fe;Colombia;26;1;1;0;0;0;0;2;0
Brayan Andrés Rovira Ferreira;25;Categoria Primera A;2015;Forward;Atlético Nacional;Colombia;1;0;0;0;0;0;0;0;0
Brayan Andrey Freire Cárdenas;29;Categoria Primera A;2015;Defender;Boyacá Chicó;Colombia;3;0;0;0;0;0;0;1;0
Brayan Bermúdez Mazo;26;Categoria Primera A;2015;Forward;Deportes Tolima;Colombia;1;0;0;0;0;0;0;0;0
Brayan Edinson Angulo Mosquera;29;Categoria Primera A;2015;Midfielder;Independiente Medellín;Colombia;37;2;2;0;0;0;0;5;0
Brayan Esteban Silva Pinto;25;Categoria Primera A;2015;Goalkeeper;Millonarios;Colombia;0;0;0;0;0;0;0;0;0
Brayan Stiven Quiroga Mendoza;27;Categoria Primera A;2015;Defender;Uniautónoma;Colombia;1;0;0;0;0;0;0;0;0
Bréiner Clemente Castillo Caicedo;44;Categoria Primera A;2015;Goalkeeper;Envigado;Colombia;37;0;0;0;0;0;0;3;0
Bréiner Steven Belalcázar Ulabarri;37;Categoria Primera A;2015;Midfielder;Deportivo Pasto;Colombia;20;0;0;0;0;0;0;7;0
Breyner Bonilla Montaño;36;Categoria Primera A;2015;Defender;Deportes Tolima;Colombia;16;1;1;0;0;0;0;5;0
Camilo Andrés Acero Pedraza;28;Categoria Primera A;2015;Goalkeeper;Cortuluá;Colombia;1;0;0;0;0;0;0;0;0
Camilo Andrés Ayala Quintero;36;Categoria Primera A;2015;Midfielder;Atlético Huila;Colombia;21;1;0;1;0;0;0;6;0
Camilo Andrés Ceballos Zapata;38;Categoria Primera A;2015;Defender;Deportivo Pasto;Colombia;22;0;0;0;0;0;0;1;0
Camilo Andrés Vargas Gil;33;Categoria Primera A;2015;Goalkeeper;Atlético Nacional;Colombia;18;0;0;0;0;0;0;4;0
Camilo del Castillo Escobar;27;Categoria Primera A;2015;Defender;Cortuluá;Colombia;3;0;0;0;0;0;0;2;0
Camilo Javier Mancilla Valencia;29;Categoria Primera A;2015;Defender;Uniautónoma;Colombia;13;0;0;0;0;0;0;1;0
Campo Elías Santacruz Hernández;37;Categoria Primera A;2015;Defender;Envigado;Colombia;17;1;1;0;0;0;0;7;0
Carlos Alberto Díaz;39;Categoria Primera A;2015;Defender;Atlético Huila;Colombia;29;1;0;1;0;0;0;8;0
Carlos Alberto Henao Sánchez;33;Categoria Primera A;2015;Defender;Patriotas Boyacá;Colombia;23;6;5;1;0;0;0;2;0
Carlos Alberto Ibargüen Hinojosa;26;Categoria Primera A;2015;Forward;Cortuluá;Colombia;30;15;8;7;0;0;0;6;0
Carlos Alberto Múnera Ramírez;31;Categoria Primera A;2015;Midfielder;Boyacá Chicó;Colombia;2;0;0;0;0;0;0;1;0
Carlos Alberto Riascos Guazá;28;Categoria Primera A;2015;Defender;Alianza Petrolera;Colombia;2;0;0;0;0;0;0;0;0
Carlos Alberto Valencia Paredes;33;Categoria Primera A;2015;Defender;Independiente Medellín;Colombia;25;1;0;1;0;0;0;6;1
Carlos Alfredo Saa Posso;39;Categoria Primera A;2015;Defender;Jaguares de Córdoba;Colombia;6;1;1;0;0;0;0;7;2
Carlos Alveiro Rentería Cuesta;36;Categoria Primera A;2015;Forward;Patriotas Boyacá;Colombia;20;7;5;2;0;0;0;3;0
Carlos Andrés Abella Parra;36;Categoria Primera A;2015;Goalkeeper;Atlético Huila;Colombia;7;0;0;0;0;0;0;1;0
Carlos Andrés Rivas Gómez;31;Categoria Primera A;2015;Forward;Patriotas Boyacá;Colombia;40;9;6;3;0;0;0;6;0
Carlos Andrés Rodas Montoya;47;Categoria Primera A;2015;Forward;Cortuluá;Colombia;24;3;2;1;0;0;0;4;0
Carlos Enrique Rentería Olaya;27;Categoria Primera A;2015;Midfielder;Deportivo Cali;Colombia;8;0;0;0;0;0;0;2;0
Carlos Enrique Valdés Parra;37;Categoria Primera A;2015;Defender;Santa Fe;Colombia;2;0;0;0;0;0;0;0;0
Carlos Geovanni Chávez Ospina;38;Categoria Primera A;2015;Goalkeeper;Uniautónoma;Colombia;1;0;0;0;0;0;0;0;0
Carlos Mario Arboleda Ampudia;36;Categoria Primera A;2015;Defender;Rionegro Águilas;Colombia;34;1;0;1;0;0;0;5;0
Carlos Ramírez;34;Categoria Primera A;2015;Defender;Millonarios;Colombia;6;0;0;0;0;0;0;0;0
César Alexander Quintero Jiménez;33;Categoria Primera A;2015;Midfielder;Once Caldas;Colombia;38;1;0;1;0;0;0;9;1
César Augusto Arias Moros;34;Categoria Primera A;2015;Forward;Once Caldas;Colombia;23;4;2;2;0;0;0;5;1
César Augusto Caicedo Solís;27;Categoria Primera A;2015;Forward;Atlético Huila;Colombia;1;0;0;0;0;0;0;1;0
César Augusto Fawcett Lébolo;38;Categoria Primera A;2015;Defender;Uniautónoma;Colombia;11;0;0;0;0;0;0;3;0
César Augusto Hinestroza Lozano;32;Categoria Primera A;2015;Defender;Atlético Huila;Colombia;14;1;1;0;0;0;0;1;0
César Augusto Mena Mosquera;33;Categoria Primera A;2015;Defender;Jaguares de Córdoba;Colombia;10;0;0;0;0;0;0;7;1
César Manuel Carrillo Mejía;30;Categoria Primera A;2015;Midfielder;Jaguares de Córdoba;Colombia;31;0;0;0;0;0;0;6;0
Charles Junior Monsalvo Peralta;32;Categoria Primera A;2015;Forward;Independiente Medellín;Colombia;11;3;2;1;0;0;0;1;0
Christian Camilo Marrugo Rodríguez;37;Categoria Primera A;2015;Midfielder;Independiente Medellín;Colombia;40;5;4;1;0;0;0;5;1
Christian de Jesús Mejía Martínez;31;Categoria Primera A;2015;Forward;Uniautónoma;Colombia;19;1;0;1;0;0;0;8;1
Christian Vargas Cortés;32;Categoria Primera A;2015;Goalkeeper;Atlético Nacional;Colombia;1;0;0;0;0;0;0;0;0
Claudio Domingo Rivero Rodríguez;37;Categoria Primera A;2015;Midfielder;Deportivo Pasto;Uruguay;5;0;0;0;0;0;0;0;0
Cleider Leandro Alzáte Correa;34;Categoria Primera A;2015;Midfielder;Rionegro Águilas;Colombia;23;3;3;0;0;0;0;2;0
Cristhian Felipe Alarcón Guarín;30;Categoria Primera A;2015;Forward;Atlético Huila;Colombia;18;2;0;2;0;0;0;4;1
Cristian Alberto Restrepo González;34;Categoria Primera A;2015;Midfielder;Independiente Medellín;Colombia;10;1;0;1;0;0;0;4;0
Cristian Andrés Palomeque Valoyes;28;Categoria Primera A;2015;Forward;Jaguares de Córdoba;Colombia;11;2;0;2;0;0;0;1;0
Cristian Borja;29;Categoria Primera A;2015;Defender;Cortuluá;Colombia;34;1;1;0;0;0;0;8;0
Cristian Camilo Arrieta Medina;26;Categoria Primera A;2015;Defender;Envigado;Colombia;31;0;0;0;0;0;0;5;0
Cristian Dájome;28;Categoria Primera A;2015;Forward;Cúcuta Deportivo;Colombia;17;4;2;2;0;0;0;1;0
Cristian Daniel Arango Duque;27;Categoria Primera A;2015;Forward;Envigado;Colombia;26;2;0;2;0;0;0;5;0
Cristian Germán Useche Ramos;27;Categoria Primera A;2015;Defender;Atlético Huila;Colombia;1;0;0;0;0;0;0;0;0
Cristian Harson Bonilla Garzón;29;Categoria Primera A;2015;Goalkeeper;La Equidad;Colombia;28;0;0;0;0;0;0;8;0
Cristian Javier Nasuti;39;Categoria Primera A;2015;Defender;Deportivo Cali;Argentina;39;1;1;0;0;0;0;18;1
Cristian Luis Fernándes Mejía;32;Categoria Primera A;2015;Forward;Once Caldas;Colombia;11;0;0;0;0;0;0;0;0
Cristian Pinillos Fernández;25;Categoria Primera A;2015;Goalkeeper;Rionegro Águilas;Colombia;0;0;0;0;0;0;0;0;0
Cristian Rafael Mercado Curiel;31;Categoria Primera A;2015;Forward;Cortuluá;Colombia;2;0;0;0;0;0;0;0;0
Cristian Stiven Cangá Vargas;31;Categoria Primera A;2015;Forward;Atlético Huila;Colombia;25;5;3;2;0;0;0;4;2
Dager Yair Palacios Palacios;37;Categoria Primera A;2015;Midfielder;La Equidad;Colombia;25;0;0;0;0;0;0;7;0
Dainer Joanni Mera Arará;27;Categoria Primera A;2015;Defender;Atlético Huila;Colombia;3;0;0;0;0;0;0;1;0
Dairon Mosquera Chaverra;30;Categoria Primera A;2015;Defender;Santa Fe;Colombia;15;0;0;0;0;0;0;6;1
Daladier Gerardo Chávez Vásquez;27;Categoria Primera A;2015;Defender;Deportes Tolima;Colombia;0;0;0;0;0;0;0;0;0
Daniel Alejandro Hernández González;31;Categoria Primera A;2015;Midfielder;Independiente Medellín;Colombia;15;3;1;2;0;0;0;3;0
Daniel Bocanegra;35;Categoria Primera A;2015;Defender;Atlético Nacional;Colombia;16;0;0;0;0;0;0;5;0
Daniel Esteban Buitrago Tamayo;31;Categoria Primera A;2015;Forward;Cortuluá;Colombia;33;4;2;2;0;0;0;8;0
Daniel José Tapia Díaz;26;Categoria Primera A;2015;Midfielder;Deportes Tolima;Colombia;1;0;0;0;0;0;0;0;0
Daniel Londoño Castañeda;27;Categoria Primera A;2015;Defender;Envigado;Colombia;29;0;0;0;0;0;0;6;0
Daniel Machacón Hernández;37;Categoria Primera A;2015;Midfielder;Uniautónoma;Colombia;29;1;0;1;0;0;0;7;0
Daniel Oswaldo Briceño Bueno;36;Categoria Primera A;2015;Defender;Deportivo Pasto;Colombia;22;0;0;0;0;0;0;5;0
Daniel Patricio Angulo Arroyo;35;Categoria Primera A;2015;Forward;Santa Fe;Ecuador;8;1;0;1;0;0;0;1;0
Daniel Ramírez Ramírez;26;Categoria Primera A;2015;Defender;Once Caldas;Colombia;11;0;0;0;0;0;0;3;0
Daniel Santa Moreno;30;Categoria Primera A;2015;Midfielder;Alianza Petrolera;Colombia;28;0;0;0;0;0;0;8;1
Daniel Torres;32;Categoria Primera A;2015;Midfielder;Independiente Medellín;Colombia;36;2;1;1;0;0;0;8;0
Danilo Arboleda Hurtado;27;Categoria Primera A;2015;Defender;Deportivo Cali;Colombia;4;0;0;0;0;0;0;1;0
Danovis Banguero;32;Categoria Primera A;2015;Midfielder;Deportes Tolima;Colombia;36;1;1;0;0;0;0;8;0
Darío Alberto Bustos Torres;37;Categoria Primera A;2015;Defender;Deportivo Pasto;Colombia;20;0;0;0;0;0;0;8;1
Darío Andrés Rodríguez Parra;27;Categoria Primera A;2015;Forward;Santa Fe;Colombia;33;2;1;1;0;0;0;5;0
Darwin Guillermo López Tobías;30;Categoria Primera A;2015;Forward;Deportes Tolima;Colombia;17;1;0;1;0;0;0;1;0
Darwin Johan Carrero Ortega;28;Categoria Primera A;2015;Defender;Cúcuta Deportivo;Colombia;19;0;0;0;0;0;0;11;3
David Alejandro Gómez Rojas;34;Categoria Primera A;2015;Defender;Cúcuta Deportivo;Colombia;15;0;0;0;0;0;0;3;0
David Alonso Valencia Figueroa;31;Categoria Primera A;2015;Defender;Alianza Petrolera;Colombia;40;2;1;1;0;0;0;8;0
David Ariel Mendieta Chávez;36;Categoria Primera A;2015;Midfielder;Deportivo Cali;Paraguay;18;1;0;1;0;0;0;4;0
David Arturo Ferreira Rico;43;Categoria Primera A;2015;Midfielder;Atlético Huila;Colombia;38;7;7;0;0;0;0;10;0
David Eliécer Contreras Suárez;28;Categoria Primera A;2015;Midfielder;Jaguares de Córdoba;Colombia;20;0;0;0;0;0;0;6;0
David González Giraldo;40;Categoria Primera A;2015;Goalkeeper;Independiente Medellín;Colombia;16;0;0;0;0;0;0;1;0
David Silva;35;Categoria Primera A;2015;Midfielder;Millonarios;Colombia;42;6;3;3;0;0;0;6;0
Davinson Alexi Monsalve Jiménez;38;Categoria Primera A;2015;Defender;Deportes Tolima;Colombia;26;2;1;1;0;0;0;10;0
Davinson Sánchez;26;Categoria Primera A;2015;Defender;Atlético Nacional;Colombia;7;0;0;0;0;0;0;1;0
Dayron Alexander Pérez Calle;43;Categoria Primera A;2015;Midfielder;Jaguares de Córdoba;Colombia;35;4;4;0;0;0;0;3;0
Deiber Yohan Ballesteros García;28;Categoria Primera A;2015;Midfielder;Uniautónoma;Colombia;3;0;0;0;0;0;0;0;0
Deimer Ruiz Rada;26;Categoria Primera A;2015;Defender;Boyacá Chicó;Colombia;11;0;0;0;0;0;0;2;0
Déiner Andrés Córdoba Escarpeta;30;Categoria Primera A;2015;Midfielder;Boyacá Chicó;Colombia;25;0;0;0;0;0;0;10;1
Deiver Machado;29;Categoria Primera A;2015;Defender;Millonarios;Colombia;32;0;0;0;0;0;0;8;1
Deiver Parra Fuertes;30;Categoria Primera A;2015;Defender;Jaguares de Córdoba;Colombia;25;1;0;1;0;0;0;10;1
Deivy Alexander Balanta Abonía;29;Categoria Primera A;2015;Defender;Alianza Petrolera;Colombia;20;1;1;0;0;0;0;2;0
Delman Cajiao Balanta;26;Categoria Primera A;2015;Midfielder;Deportes Tolima;Colombia;1;0;0;0;0;0;0;0;0
Denis Leonardo Gómez Lozano;30;Categoria Primera A;2015;Defender;Atlético Huila;Colombia;26;6;4;2;0;0;0;7;2
Dhawlin Leudo Cossio;33;Categoria Primera A;2015;Defender;La Equidad;Colombia;32;1;1;0;0;0;0;11;0
Didier Andrés Moreno Asprilla;30;Categoria Primera A;2015;Midfielder;Independiente Medellín;Colombia;41;0;0;0;0;0;0;17;2
Didier Delgado Delgado;30;Categoria Primera A;2015;Midfielder;Deportes Tolima;Colombia;40;1;1;0;0;0;0;5;1
Diego Alejandro Arias Hincapié;37;Categoria Primera A;2015;Midfielder;Atlético Nacional;Colombia;18;0;0;0;0;0;0;4;0
Diego Alejandro Cuadros Velásquez;26;Categoria Primera A;2015;Midfielder;Jaguares de Córdoba;Colombia;6;0;0;0;0;0;0;1;0
Diego Alejandro Martínez Marín;32;Categoria Primera A;2015;Goalkeeper;Jaguares de Córdoba;Colombia;7;0;0;0;0;0;0;3;0
Diego Alejandro Novoa Urrego;33;Categoria Primera A;2015;Goalkeeper;La Equidad;Colombia;12;0;0;0;0;0;0;1;0
Diego Andrés Álvarez Sánchez;40;Categoria Primera A;2015;Forward;Patriotas Boyacá;Colombia;18;5;3;2;0;0;0;4;0
Diego Andrés González Marroquín;33;Categoria Primera A;2015;Forward;Boyacá Chicó;Colombia;13;2;1;1;0;0;0;3;0
Diego Armando Amaya Solano;36;Categoria Primera A;2015;Defender;Atlético Huila;Colombia;25;2;2;0;0;0;0;6;0
Diego Armando Espinel Malpica;34;Categoria Primera A;2015;Midfielder;Cúcuta Deportivo;Colombia;33;0;0;0;0;0;0;5;1
Diego Armando Herner;39;Categoria Primera A;2015;Defender;Independiente Medellín;Argentina;15;0;0;0;0;0;0;5;0
Diego Arturo Peralta González;37;Categoria Primera A;2015;Defender;Atlético Nacional;Colombia;6;0;0;0;0;0;0;1;0
Diego Fernando Chica López;41;Categoria Primera A;2015;Midfielder;Rionegro Águilas;Colombia;22;1;1;0;0;0;0;4;0
Diego Fernando Herazo Moreno;26;Categoria Primera A;2015;Forward;Independiente Medellín;Colombia;3;0;0;0;0;0;0;0;0
Diego Fernando Moreno Quintero;26;Categoria Primera A;2015;Midfielder;Envigado;Colombia;11;0;0;0;0;0;0;0;0
Diego Gregori Díaz;27;Categoria Primera A;2015;Midfielder;Envigado;Spain;6;0;0;0;0;0;0;1;0
Diego Luis Valoyes Ruíz;25;Categoria Primera A;2015;Forward;La Equidad;Colombia;5;0;0;0;0;0;0;0;0
Duman Herrera Chacón;27;Categoria Primera A;2015;Forward;Patriotas Boyacá;Colombia;1;0;0;0;0;0;0;0;0
Duván Andrés Vergara Hernández;26;Categoria Primera A;2015;Forward;Envigado;Colombia;12;0;0;0;0;0;0;2;0
Duvan Torres Caicedo;26;Categoria Primera A;2015;Forward;Deportivo Pasto;Colombia;3;0;0;0;0;0;0;1;0
Eder Alberto Sinisterra Vargas;30;Categoria Primera A;2015;Defender;Cortuluá;Colombia;1;0;0;0;0;0;0;1;0
Eder Aleixo Chaux Ospina;30;Categoria Primera A;2015;Goalkeeper;Boyacá Chicó;Colombia;9;0;0;0;0;0;0;2;0
Eder Castañeda Botia;30;Categoria Primera A;2015;Defender;Atlético Huila;Colombia;13;0;0;0;0;0;0;5;1
Edgar Andrés Meneses Huaca;27;Categoria Primera A;2015;Midfielder;Deportivo Pasto;Colombia;13;0;0;0;0;0;0;0;0
Edgar Mauricio Gómez Sánchez;28;Categoria Primera A;2015;Defender;Patriotas Boyacá;Colombia;15;0;0;0;0;0;0;1;0
Edier Tello Mosquera;32;Categoria Primera A;2015;Midfielder;Millonarios;Colombia;7;0;0;0;0;0;0;0;0
Edinson Manuel Palomino Marrugo;36;Categoria Primera A;2015;Midfielder;Rionegro Águilas;Colombia;30;7;3;4;0;0;0;5;0
Edison Toloza Colorado;38;Categoria Primera A;2015;Forward;Junior;Colombia;30;8;7;1;0;0;0;3;1
Edson Daniel Gómez Pulgarín;26;Categoria Primera A;2015;Midfielder;Cúcuta Deportivo;Colombia;2;0;0;0;0;0;0;0;0
Edson Omar Vásquez Ortega;33;Categoria Primera A;2015;Midfielder;Millonarios;Colombia;12;1;1;0;0;0;0;0;0
Eduar Alejandro Góngora Cuero;31;Categoria Primera A;2015;Midfielder;Deportivo Pasto;Colombia;6;0;0;0;0;0;0;1;0
Eduar Hernán Caicedo Solís;27;Categoria Primera A;2015;Defender;Deportivo Cali;Colombia;9;0;0;0;0;0;0;3;0
Eduard Andrés Gutiérrez Castillo;27;Categoria Primera A;2015;Defender;Atlético Huila;Colombia;2;0;0;0;0;0;0;2;1
Edwards Yesid Jiménez Gómez;41;Categoria Primera A;2015;Forward;Deportivo Pasto;Colombia;20;2;1;1;0;0;0;2;0
Edwin Alexis Velasco Uzuriaga;30;Categoria Primera A;2015;Defender;Cortuluá;Colombia;27;0;0;0;0;0;0;7;1
Edwin Dayan Móvil Cabrera;36;Categoria Primera A;2015;Midfielder;Cúcuta Deportivo;Colombia;21;2;1;1;0;0;0;5;0
Edwin Ernesto Ávila Peñaranda;35;Categoria Primera A;2015;Defender;Boyacá Chicó;Colombia;15;0;0;0;0;0;0;6;0
Edwin Ronaldo Ariza Cabezas;24;Categoria Primera A;2015;Midfielder;Alianza Petrolera;Colombia;8;0;0;0;0;0;0;3;0
Edwin Ronaldo Tavera Contreras;27;Categoria Primera A;2015;Midfielder;Atlético Huila;Colombia;4;0;0;0;0;0;0;2;0
Efraín Antonio Burgos Henríquez;34;Categoria Primera A;2015;Midfielder;Jaguares de Córdoba;El Salvador;0;0;0;0;0;0;0;0;0
Efraín Viáfara Molina;41;Categoria Primera A;2015;Forward;Deportivo Pasto;Colombia;25;7;3;4;0;0;0;11;0
Elacio José Córdoba Mosquera;28;Categoria Primera A;2015;Defender;Independiente Medellín;Colombia;21;1;0;1;0;0;0;3;0
Eliécer Espinosa Calvo;26;Categoria Primera A;2015;Forward;Envigado;Colombia;2;0;0;0;0;0;0;0;0
Elkin Blanco Rivas;33;Categoria Primera A;2015;Midfielder;Millonarios;Colombia;11;0;0;0;0;0;0;5;0
Elkin Darío Barrera Cano;39;Categoria Primera A;2015;Midfielder;Jaguares de Córdoba;Colombia;15;0;0;0;0;0;0;7;0
Elkin Darío Calle Grajales;42;Categoria Primera A;2015;Defender;Cúcuta Deportivo;Colombia;17;0;0;0;0;0;0;0;0
Elkin Darío Mosquera Moreno;32;Categoria Primera A;2015;Defender;Jaguares de Córdoba;Colombia;26;0;0;0;0;0;0;12;1
Elton Martins da Cruz;33;Categoria Primera A;2015;Forward;Patriotas Boyacá;Brazil;10;0;0;0;0;0;0;1;0
Elvis David Mosquera Valdés;31;Categoria Primera A;2015;Defender;Rionegro Águilas;Colombia;7;0;0;0;0;0;0;1;0
Elvis Javier González Herrera;40;Categoria Primera A;2015;Defender;Atlético Huila;Colombia;33;0;0;0;0;0;0;7;0
Elvis Perlaza;33;Categoria Primera A;2015;Defender;Atlético Huila;Colombia;33;0;0;0;0;0;0;17;2
Emmanuel Prisco Jaramillo;31;Categoria Primera A;2015;Midfielder;Jaguares de Córdoba;Colombia;9;0;0;0;0;0;0;0;0
Ernesto Exequiel Hernández Oncina;37;Categoria Primera A;2015;Goalkeeper;Deportivo Cali;Uruguay;46;0;0;0;0;0;0;8;0
Ervin Antonio Maturana Ortíz;43;Categoria Primera A;2015;Defender;Rionegro Águilas;Colombia;10;0;0;0;0;0;0;1;0
Erwin Ronaldo Pérez Pérez;27;Categoria Primera A;2015;Forward;Cúcuta Deportivo;Colombia;1;0;0;0;0;0;0;0;0
Esteban Felipe Castañeda Otálvaro;30;Categoria Primera A;2015;Forward;Rionegro Águilas;Colombia;10;1;1;0;0;0;0;1;0
Esteban Giraldo Villarreal;30;Categoria Primera A;2015;Goalkeeper;Deportivo Pasto;Colombia;0;0;0;0;0;0;0;0;0
Estéfano Arango González;28;Categoria Primera A;2015;Midfielder;Cúcuta Deportivo;Colombia;19;4;4;0;0;0;0;4;0
Ever Valencia;25;Categoria Primera A;2015;Midfielder;Independiente Medellín;Colombia;2;0;0;0;0;0;0;0;0
Faber Cañaveral Rentería;34;Categoria Primera A;2015;Midfielder;Envigado;Colombia;33;5;4;1;0;0;0;13;2
Fabián Alexis Viáfara Alarcón;30;Categoria Primera A;2015;Defender;Rionegro Águilas;Colombia;28;1;0;1;0;0;0;4;1
Fabián Andrés González Lasso;29;Categoria Primera A;2015;Forward;La Equidad;Colombia;8;1;0;1;0;0;0;1;0
Fabián Andrés Vargas Rivera;42;Categoria Primera A;2015;Midfielder;Millonarios;Colombia;28;1;1;0;0;0;0;16;1
Fábio Darío Rodríguez Mejía;36;Categoria Primera A;2015;Defender;Rionegro Águilas;Colombia;28;1;1;0;0;0;0;7;1
Fáider Fabio Burbano Castillo;30;Categoria Primera A;2015;Midfielder;Independiente Medellín;Colombia;36;4;2;2;0;0;0;5;0
Fáiner Torijano Cano;34;Categoria Primera A;2015;Defender;Deportes Tolima;Colombia;11;0;0;0;0;0;0;3;1
Farid Alfonso Díaz Rhenals;39;Categoria Primera A;2015;Defender;Atlético Nacional;Colombia;41;0;0;0;0;0;0;8;0
Fausto Manuel Obeso Pérez;34;Categoria Primera A;2015;Defender;Jaguares de Córdoba;Colombia;20;0;0;0;0;0;0;6;0
Federico Insúa;42;Categoria Primera A;2015;Midfielder;Millonarios;Argentina;40;10;5;5;0;0;0;3;0
Felipe Aguilar Mendoza;29;Categoria Primera A;2015;Defender;Alianza Petrolera;Colombia;25;0;0;0;0;0;0;5;0
Felipe Banguero Millán;33;Categoria Primera A;2015;Defender;Alianza Petrolera;Colombia;38;0;0;0;0;0;0;11;0
Félix Andrés Micolta Micolta;32;Categoria Primera A;2015;Midfielder;Independiente Medellín;Colombia;9;0;0;0;0;0;0;0;0
Félix Enrique Noguera Collante;35;Categoria Primera A;2015;Defender;Junior;Colombia;22;1;0;1;0;0;0;1;0
Fernando Junior Medina Royero;28;Categoria Primera A;2015;Midfielder;Deportivo Pasto;Colombia;3;0;0;0;0;0;0;0;0
Fernando Uribe Hincapié;34;Categoria Primera A;2015;Forward;Millonarios;Colombia;23;15;10;5;0;0;0;2;0
Fram Enrique Pacheco Cardona;41;Categoria Primera A;2015;Midfielder;Cúcuta Deportivo;Colombia;2;0;0;0;0;0;0;0;0
Francined Restrepo García;27;Categoria Primera A;2015;Defender;Atlético Huila;Colombia;1;0;0;0;0;0;0;0;0
Francisco Antonio Córdoba Escarpeta;33;Categoria Primera A;2015;Defender;Deportivo Pasto;Colombia;19;1;1;0;0;0;0;3;0
Francisco Javier García Quezada;31;Categoria Primera A;2015;Midfielder;Atlético Huila;Paraguay;15;2;2;0;0;0;0;0;0
Francisco Javier Meza Palma;31;Categoria Primera A;2015;Defender;Santa Fe;Colombia;26;4;3;1;0;0;0;7;1
Francisco Javier Palma Pérez;31;Categoria Primera A;2015;Defender;Uniautónoma;Colombia;7;0;0;0;0;0;0;2;0
Francisco Javier Rodríguez Ibarra;35;Categoria Primera A;2015;Midfielder;Boyacá Chicó;Colombia;27;0;0;0;0;0;0;9;1
Franco Armani;35;Categoria Primera A;2015;Goalkeeper;Atlético Nacional;Argentina;29;0;0;0;0;0;0;5;0
Franco José Del Giglio Grossi;29;Categoria Primera A;2015;Midfielder;Cúcuta Deportivo;Argentina;5;0;0;0;0;0;0;1;0
Franco Sebastián Sosa;41;Categoria Primera A;2015;Defender;Cúcuta Deportivo;Argentina;5;0;0;0;0;0;0;3;1
Frank Fabra;31;Categoria Primera A;2015;Defender;Independiente Medellín;Colombia;37;1;1;0;0;0;0;14;2
Franklin José Lucena Peña;41;Categoria Primera A;2015;Midfielder;Once Caldas;Venezuela;20;0;0;0;0;0;0;7;0
Gabriel Eduardo Díaz Rico;26;Categoria Primera A;2015;Defender;Millonarios;Colombia;22;2;2;0;0;0;0;6;0
George Saunders;33;Categoria Primera A;2015;Midfielder;Envigado;England;13;1;0;1;0;0;0;6;1
Geovan Jarit Montes Melo;26;Categoria Primera A;2015;Defender;La Equidad;Colombia;2;0;0;0;0;0;0;0;0
Geovanni Banguera Delgado;26;Categoria Primera A;2015;Goalkeeper;Atlético Huila;Colombia;1;0;0;0;0;0;0;0;0
Gerardo Alberto Bedoya Múnera;46;Categoria Primera A;2015;Midfielder;Cúcuta Deportivo;Colombia;13;3;2;1;0;0;0;9;2
Gerardo Sebastián Vonder Putten Gabachuto;34;Categoria Primera A;2015;Midfielder;Alianza Petrolera;Uruguay;7;1;1;0;0;0;0;0;0
Germán Andrés Gutiérrez Henao;32;Categoria Primera A;2015;Defender;Junior;Colombia;9;0;0;0;0;0;0;1;0
Germán Martín Centurión Marecos;42;Categoria Primera A;2015;Defender;Cúcuta Deportivo;Paraguay;9;0;0;0;0;0;0;2;0
Germán Mera Cáceres;32;Categoria Primera A;2015;Defender;Deportivo Cali;Colombia;43;3;1;2;0;0;0;16;1
Gilberto García Olarte;35;Categoria Primera A;2015;Defender;Atlético Nacional;Colombia;34;3;2;1;0;0;0;10;0
Giovanny Martínez Cortés;33;Categoria Primera A;2015;Midfielder;Deportivo Pasto;Colombia;19;0;0;0;0;0;0;3;0
Gonzalo Martínez Caicedo;46;Categoria Primera A;2015;Defender;Patriotas Boyacá;Colombia;7;2;2;0;0;0;0;1;0
Guillermo Alonso González Bustos;27;Categoria Primera A;2015;Goalkeeper;Cortuluá;Colombia;0;0;0;0;0;0;0;0;0
Guillermo León Celis Montiel;29;Categoria Primera A;2015;Midfielder;Junior;Colombia;34;4;3;1;0;0;0;7;2
Gustavo Adolfo Benjumea Jaramillo;26;Categoria Primera A;2015;Defender;Deportivo Pasto;Colombia;2;0;0;0;0;0;0;0;0
Gustavo Adolfo Bolívar Zapata;37;Categoria Primera A;2015;Midfielder;Cúcuta Deportivo;Colombia;36;3;3;0;0;0;0;9;1
Gustavo Andrés Rojas Calderón;34;Categoria Primera A;2015;Defender;Cortuluá;Colombia;7;0;0;0;0;0;0;2;0
Gustavo Culma;29;Categoria Primera A;2015;Midfielder;Once Caldas;Colombia;13;1;1;0;0;0;0;1;0
Gustavo Leonardo Cuéllar Gallego;29;Categoria Primera A;2015;Midfielder;Junior;Colombia;34;0;0;0;0;0;0;11;0
Hamilton Valencia Londoño;25;Categoria Primera A;2015;Midfielder;Atlético Huila;Colombia;0;0;0;0;0;0;0;0;0
Hanyer Luis Mosquera Córdoba;35;Categoria Primera A;2015;Defender;Rionegro Águilas;Colombia;28;0;0;0;0;0;0;3;0
Harold Andrés Gómez Muñoz;30;Categoria Primera A;2015;Defender;Cúcuta Deportivo;Colombia;12;1;1;0;0;0;0;4;1
Harold Andrés Rivera Chavarro;29;Categoria Primera A;2015;Midfielder;Patriotas Boyacá;Colombia;30;0;0;0;0;0;0;6;1
Hárold Cummings;30;Categoria Primera A;2015;Defender;Santa Fe;Panama;12;0;0;0;0;0;0;3;1
Harold Fabián Preciado Villarreal;28;Categoria Primera A;2015;Forward;Deportivo Cali;Colombia;46;25;16;9;0;0;0;5;0
Harold Fernando Reina Figueroa;32;Categoria Primera A;2015;Forward;Cortuluá;Colombia;11;1;0;1;0;0;0;1;0
Harold Macías Cabrera;42;Categoria Primera A;2015;Defender;Patriotas Boyacá;Colombia;29;0;0;0;0;0;0;9;1
Harrison Arley Mojica Betancourt;29;Categoria Primera A;2015;Forward;Deportivo Cali;Colombia;4;0;0;0;0;0;0;1;0
Harrison Javier Canchimbo Carabalí;31;Categoria Primera A;2015;Defender;Deportivo Cali;Colombia;13;0;0;0;0;0;0;3;1
Hárrison Steve Henao Hurtado;35;Categoria Primera A;2015;Midfielder;Once Caldas;Colombia;24;2;2;0;0;0;0;9;1
Héctor Antonio Urrego Hurtado;29;Categoria Primera A;2015;Defender;Santa Fe;Colombia;8;0;0;0;0;0;0;3;1
Héctor Fabián Acuña Maciel;40;Categoria Primera A;2015;Forward;Deportes Tolima;Uruguay;16;1;0;1;0;0;0;1;0
Héctor Martín Icart Atahídes;37;Categoria Primera A;2015;Midfielder;Patriotas Boyacá;Uruguay;22;1;0;1;0;0;0;4;1
Helibelton Palacios;29;Categoria Primera A;2015;Defender;Deportivo Cali;Colombia;43;0;0;0;0;0;0;10;1
Henry Andrés Rojas Delgado;35;Categoria Primera A;2015;Midfielder;Alianza Petrolera;Colombia;16;3;1;2;0;0;0;2;0
Henry Fernando Castillo Riascos;28;Categoria Primera A;2015;Forward;Cortuluá;Colombia;4;0;0;0;0;0;0;0;0
Henry Javier Hernández Álvarez;40;Categoria Primera A;2015;Forward;Boyacá Chicó;Colombia;19;3;2;1;0;0;0;2;0
Henry Yoseiner Obando Estacio;29;Categoria Primera A;2015;Defender;Deportes Tolima;Colombia;16;0;0;0;0;0;0;4;0
Hernán Enrique Pertúz Ortega;33;Categoria Primera A;2015;Defender;Independiente Medellín;Colombia;23;0;0;0;0;0;0;3;0
Hernán Figueredo Alonzo;37;Categoria Primera A;2015;Midfielder;Deportes Tolima;Uruguay;19;0;0;0;0;0;0;2;0
Hernán Ignacio Hechalar;34;Categoria Primera A;2015;Forward;Independiente Medellín;Argentina;41;12;6;6;0;0;0;8;0
Hernán Natalio Pereyra;32;Categoria Primera A;2015;Forward;Deportivo Pasto;Argentina;6;0;0;0;0;0;0;3;0
Hilario Fabián Mena Marquínez;30;Categoria Primera A;2015;Forward;Patriotas Boyacá;Colombia;3;0;0;0;0;0;0;2;0
Hilton Murillo Sanmartín;34;Categoria Primera A;2015;Midfielder;Rionegro Águilas;Colombia;24;1;1;0;0;0;0;0;0
Hugo Emilio Soto Miranda;38;Categoria Primera A;2015;Defender;La Equidad;Colombia;22;0;0;0;0;0;0;10;1
Isaac Enrique Arias Villamíl;31;Categoria Primera A;2015;Forward;Deportes Tolima;Colombia;13;3;2;1;0;0;0;0;0
Israel Alba Marín;27;Categoria Primera A;2015;Defender;Once Caldas;Colombia;4;0;0;0;0;0;0;0;0
Iván Alonso Garrido Pinzón;41;Categoria Primera A;2015;Defender;Uniautónoma;Colombia;13;0;0;0;0;0;0;2;0
Iván Arturo Corredor Hurtado;39;Categoria Primera A;2015;Midfielder;Patriotas Boyacá;Colombia;28;2;0;2;0;0;0;6;1
Iván David Rivas Mendoza;34;Categoria Primera A;2015;Midfielder;Cúcuta Deportivo;Colombia;7;0;0;0;0;0;0;2;0
Jackson Palacio Sánchez;26;Categoria Primera A;2015;Midfielder;Atlético Huila;Colombia;1;0;0;0;0;0;0;0;0
Jackson Valencia Mosquera;29;Categoria Primera A;2015;Midfielder;Deportes Tolima;Colombia;4;0;0;0;0;0;0;0;0
Jáder Obrian;27;Categoria Primera A;2015;Forward;Uniautónoma;Colombia;6;0;0;0;0;0;0;0;0
Jafeb José Bonilla Pájaro;26;Categoria Primera A;2015;Goalkeeper;Uniautónoma;Colombia;0;0;0;0;0;0;0;0;0
Jaiber Damián Cardona Lozano;32;Categoria Primera A;2015;Goalkeeper;Cortuluá;Colombia;3;0;0;0;0;0;0;0;0
Jaime Andrés Sierra Ramírez;36;Categoria Primera A;2015;Forward;Once Caldas;Colombia;7;0;0;0;0;0;0;1;0
Jaime Miguel Córdoba Taborda;34;Categoria Primera A;2015;Midfielder;Cortuluá;Colombia;30;2;2;0;0;0;0;10;0
Jair Mosquera Romaña;29;Categoria Primera A;2015;Goalkeeper;Junior;Colombia;0;0;0;0;0;0;0;0;0
Jairo Fabián Palomino Sierra;34;Categoria Primera A;2015;Midfielder;Atlético Nacional;Colombia;15;0;0;0;0;0;0;2;0
Jamell Orlando Ramos Hernández;40;Categoria Primera A;2015;Defender;Junior;Colombia;0;0;0;0;0;0;0;0;0
James Amilkar Sánchez Altamiranda;34;Categoria Primera A;2015;Defender;Uniautónoma;Colombia;32;5;3;2;0;0;0;13;3
Jamillacson Palacios Palacio;34;Categoria Primera A;2015;Forward;Alianza Petrolera;Colombia;3;0;0;0;0;0;0;0;0
Janer Alberto Serpa Pacheco;41;Categoria Primera A;2015;Goalkeeper;Deportes Tolima;Colombia;0;0;0;0;0;0;0;0;0
Jardi Hurtado Viáfara;26;Categoria Primera A;2015;Defender;Jaguares de Córdoba;Colombia;0;0;0;0;0;0;0;0;0
Jarlan Barrera;26;Categoria Primera A;2015;Midfielder;Junior;Colombia;25;5;4;1;0;0;0;3;0
Jarlín Medardo Quintero León;29;Categoria Primera A;2015;Forward;Cúcuta Deportivo;Colombia;4;0;0;0;0;0;0;0;0
Járol Enrique Martínez González;35;Categoria Primera A;2015;Defender;Deportivo Pasto;Colombia;8;0;0;0;0;0;0;1;0
Jarvinson González Castro;25;Categoria Primera A;2015;Midfielder;Atlético Huila;Colombia;1;0;0;0;0;0;0;0;0
Javier Andrés Sanguinetti;32;Categoria Primera A;2015;Midfielder;Jaguares de Córdoba;Argentina;27;3;1;2;0;0;0;4;0
Javier Antonio Flórez Valoyes;40;Categoria Primera A;2015;Midfielder;Boyacá Chicó;Colombia;15;0;0;0;0;0;0;3;0
Javier Arley Reina Calvo;33;Categoria Primera A;2015;Midfielder;Millonarios;Colombia;11;1;1;0;0;0;0;2;1
Javier López Rodríguez;33;Categoria Primera A;2015;Defender;Rionegro Águilas;Colombia;20;0;0;0;0;0;0;5;0
Jean Carlos Becerra Cuello;29;Categoria Primera A;2015;Midfielder;Atlético Huila;Colombia;1;0;0;0;0;0;0;0;0
Jean Carlos Blanco Becerra;30;Categoria Primera A;2015;Forward;La Equidad;Colombia;38;10;6;4;0;0;0;10;0
Jean Carlos Cortés Landázuri;26;Categoria Primera A;2015;Midfielder;Deportivo Pasto;Colombia;13;0;0;0;0;0;0;2;0
Jefersson Justino Martínez Valverde;29;Categoria Primera A;2015;Goalkeeper;Envigado;Colombia;6;0;0;0;0;0;0;3;0
Jefferson Alexis Hurtado Valencia;28;Categoria Primera A;2015;Forward;Boyacá Chicó;Colombia;7;0;0;0;0;0;0;1;0
Jefferson Duque;35;Categoria Primera A;2015;Forward;Atlético Nacional;Colombia;36;18;15;3;0;0;0;4;0
Jefferson Eulises Murillo Aguilar;30;Categoria Primera A;2015;Defender;Cúcuta Deportivo;Colombia;32;1;0;1;0;0;0;10;0
Jefferson Goivanny Solano Montañez;26;Categoria Primera A;2015;Forward;Cúcuta Deportivo;Colombia;4;0;0;0;0;0;0;0;0
Jefferson José Gómez Genes;26;Categoria Primera A;2015;Defender;Envigado;Colombia;20;0;0;0;0;0;0;8;2
Jefferson Lerma;27;Categoria Primera A;2015;Midfielder;Atlético Huila;Colombia;23;2;1;1;0;0;0;2;0
Jefferson Mena Palacios;33;Categoria Primera A;2015;Defender;Independiente Medellín;Colombia;14;0;0;0;0;0;0;0;0
Jefferson Verdecia Núñez;33;Categoria Primera A;2015;Defender;Boyacá Chicó;Colombia;4;0;0;0;0;0;0;2;0
Jeison Andrés Angulo Trujillo;26;Categoria Primera A;2015;Defender;Deportivo Cali;Colombia;8;0;0;0;0;0;0;1;0
Jeison Andrés Estupiñán Obando;27;Categoria Primera A;2015;Forward;Alianza Petrolera;Colombia;4;1;0;1;0;0;0;1;0
Jeisson Andrés Palacios Murillo;28;Categoria Primera A;2015;Defender;Alianza Petrolera;Colombia;18;1;1;0;0;0;0;4;0
Jerry Alberto Ortíz Cortés;29;Categoria Primera A;2015;Midfielder;Envigado;Colombia;24;2;1;1;0;0;0;9;0
Jerson Andrés Malagón Piracún;29;Categoria Primera A;2015;Defender;La Equidad;Colombia;4;0;0;0;0;0;0;1;0
Jerson Jair Góngora Flórez;26;Categoria Primera A;2015;Defender;Cúcuta Deportivo;Colombia;1;0;0;0;0;0;0;1;0
Jesús Daniel Toscanini Correa;34;Categoria Primera A;2015;Forward;Atlético Huila;Uruguay;2;0;0;0;0;0;0;0;0
Jesús David Marimón Báez;24;Categoria Primera A;2015;Midfielder;Once Caldas;Colombia;11;0;0;0;0;0;0;0;0
Jesús David Murillo;28;Categoria Primera A;2015;Defender;Patriotas Boyacá;Colombia;27;0;0;0;0;0;0;8;0
Jesús David Murillo León;29;Categoria Primera A;2015;Defender;Junior;Colombia;7;1;0;1;0;0;0;2;0
Jeysen Jair Núñez Charales;33;Categoria Primera A;2015;Forward;Deportivo Pasto;Colombia;7;0;0;0;0;0;0;0;0
Jherson Enrique Córdoba Ospina;34;Categoria Primera A;2015;Midfielder;Alianza Petrolera;Colombia;24;1;1;0;0;0;0;8;0
Jhoan Mauricio Mancilla Mina;26;Categoria Primera A;2015;Forward;Atlético Huila;Colombia;1;0;0;0;0;0;0;0;0
Jhoan Sebastián Ayala Sanabria;26;Categoria Primera A;2015;Midfielder;La Equidad;Colombia;12;0;0;0;0;0;0;5;1
Jhoan Stiven Mina Peña;27;Categoria Primera A;2015;Midfielder;Cortuluá;Colombia;1;0;0;0;0;0;0;0;0
Jhojan Valencia;26;Categoria Primera A;2015;Midfielder;Deportivo Cali;Colombia;9;0;0;0;0;0;0;2;0
Jhon Alexander Cano Angulo;39;Categoria Primera A;2015;Defender;Patriotas Boyacá;Colombia;36;0;0;0;0;0;0;8;0
Jhon Alexander Ramírez Caicedo;27;Categoria Primera A;2015;Midfielder;Jaguares de Córdoba;Colombia;3;0;0;0;0;0;0;0;0
Jhon César Mosquera Rivas;30;Categoria Primera A;2015;Forward;Rionegro Águilas;Colombia;11;1;1;0;0;0;0;2;0
Jhon Eduis Viáfara Mina;43;Categoria Primera A;2015;Midfielder;Rionegro Águilas;Colombia;5;0;0;0;0;0;0;0;0
Jhon Edwar Valoy Riascos;31;Categoria Primera A;2015;Midfielder;Once Caldas;Colombia;33;1;1;0;0;0;0;3;0
Jhon Edward Hernández García;31;Categoria Primera A;2015;Midfielder;Rionegro Águilas;Colombia;1;0;0;0;0;0;0;0;0
Jhon Freduar Vásquez Anaya;27;Categoria Primera A;2015;Midfielder;Junior;Colombia;5;1;0;1;0;0;0;1;0
Jhon Fredy Hurtado;37;Categoria Primera A;2015;Midfielder;Cúcuta Deportivo;Colombia;22;0;0;0;0;0;0;5;0
Jhon Fredy Miranda Rada;25;Categoria Primera A;2015;Forward;Santa Fe;Colombia;13;1;0;1;0;0;0;0;0
Jhon Fredy Pérez Lizarazo;34;Categoria Primera A;2015;Midfielder;Deportivo Cali;Colombia;7;0;0;0;0;0;0;1;0
Jhon Fredy Salazar Valencia;27;Categoria Primera A;2015;Forward;Once Caldas;Colombia;25;5;2;3;0;0;0;6;1
Jhon Fredy Zea Mosquera;38;Categoria Primera A;2015;Defender;Envigado;Colombia;12;0;0;0;0;0;0;2;0
Jhon Jairo Velásquez Turga;27;Categoria Primera A;2015;Midfielder;Santa Fe;Colombia;1;0;0;0;0;0;0;0;0
Jhon Janer Lucumí Bonilla;24;Categoria Primera A;2015;Defender;Deportivo Cali;Colombia;9;0;0;0;0;0;0;1;0
Jhon Stiwar García Mena;32;Categoria Primera A;2015;Midfielder;Alianza Petrolera;Colombia;3;0;0;0;0;0;0;1;0
Jhonatan Alexander Agudelo Velásquez;29;Categoria Primera A;2015;Forward;Millonarios;Colombia;35;9;6;3;0;0;0;2;0
Jhonathan Caicedo Vergara;26;Categoria Primera A;2015;Midfielder;Once Caldas;Colombia;9;0;0;0;0;0;0;0;0
Jhonathan Muñoz Posso;34;Categoria Primera A;2015;Defender;Cortuluá;Colombia;38;3;1;2;0;0;0;10;0
Jhonny Meza Morelos;28;Categoria Primera A;2015;Defender;Rionegro Águilas;Colombia;16;2;0;2;0;0;0;2;0
Jhonny Vásquez;35;Categoria Primera A;2015;Midfielder;Junior;Colombia;6;0;0;0;0;0;0;5;1
Jhony Alexander da Silva Sosa;31;Categoria Primera A;2015;Goalkeeper;Atlético Huila;Uruguay;34;0;0;0;0;0;0;4;0
Jhony Moisés Cano Barrios;33;Categoria Primera A;2015;Forward;Atlético Huila;Colombia;35;10;6;4;0;0;0;6;0
Joan Sebastián Castro Dinas;25;Categoria Primera A;2015;Defender;Uniautónoma;Colombia;8;0;0;0;0;0;0;1;0
Joel Alberto Silva Estigarribia;33;Categoria Primera A;2015;Goalkeeper;Deportes Tolima;Paraguay;48;0;0;0;0;0;0;3;0
Joel Salas Orozco;31;Categoria Primera A;2015;Defender;Uniautónoma;Colombia;10;0;0;0;0;0;0;3;1
Johan Javier Fano Espinoza;44;Categoria Primera A;2015;Forward;Rionegro Águilas;Peru;23;5;4;1;0;0;0;1;0
Johan Leandro Arango Ambuila;31;Categoria Primera A;2015;Midfielder;Once Caldas;Colombia;37;12;7;5;0;0;0;15;1
John Alexander Valencia Hinestroza;40;Categoria Primera A;2015;Defender;Deportes Tolima;Colombia;12;0;0;0;0;0;0;2;0
John Edinson Méndez Bettin;37;Categoria Primera A;2015;Midfielder;Deportes Tolima;Colombia;41;4;2;2;0;0;0;3;0
John Édinson Varela Prado;35;Categoria Primera A;2015;Forward;Cortuluá;Colombia;37;2;1;1;0;0;0;4;1
John Edison García Zabala;33;Categoria Primera A;2015;Defender;Cúcuta Deportivo;Colombia;17;1;1;0;0;0;0;3;1
John Edison Hernández Montoya;36;Categoria Primera A;2015;Midfielder;Independiente Medellín;Colombia;26;1;1;0;0;0;0;6;0
John Fredy Pajoy Ortíz;33;Categoria Primera A;2015;Forward;Independiente Medellín;Colombia;15;3;1;2;0;0;0;4;0
John Jairo Lozano Castaño;38;Categoria Primera A;2015;Defender;Deportivo Cali;Colombia;27;3;1;2;0;0;0;14;4
John Jairo Montaño Victoria;38;Categoria Primera A;2015;Defender;Cúcuta Deportivo;Colombia;23;0;0;0;0;0;0;6;0
John Jairo Mosquera Mosquera;34;Categoria Primera A;2015;Forward;Envigado;Colombia;4;0;0;0;0;0;0;1;0
John Misael Riascos Silva;31;Categoria Primera A;2015;Midfielder;Boyacá Chicó;Colombia;29;1;1;0;0;0;0;6;0
Johnatan Estrada Campillo;39;Categoria Primera A;2015;Midfielder;Deportes Tolima;Colombia;34;5;3;2;0;0;0;2;0
Johnny Javier Mostacilla Ceballos;31;Categoria Primera A;2015;Defender;Boyacá Chicó;Colombia;35;4;4;0;0;0;0;7;1
Jonatan Gómez;32;Categoria Primera A;2015;Midfielder;Deportivo Pasto;Argentina;34;9;6;3;0;0;0;8;1
Jonathan Alexander Angulo;29;Categoria Primera A;2015;Forward;Atlético Huila;Colombia;7;1;1;0;0;0;0;3;1
Jonathan Antonio Palacios Lucas;30;Categoria Primera A;2015;Forward;Cúcuta Deportivo;Colombia;31;4;4;0;0;0;0;8;2
Jonathan Ávila Martínez;30;Categoria Primera A;2015;Defender;Deportivo Pasto;Colombia;19;0;0;0;0;0;0;9;1
Jonathan Copete Valencia;34;Categoria Primera A;2015;Forward;Atlético Nacional;Colombia;29;11;8;3;0;0;0;3;0
Jonathan Esteban Álvarez Isaza;35;Categoria Primera A;2015;Midfielder;Once Caldas;Colombia;14;1;1;0;0;0;0;4;0
Jonathan Herrera Baquero;26;Categoria Primera A;2015;Midfielder;Santa Fe;Colombia;0;0;0;0;0;0;0;0;0
Jonathan Lopera Jiménez;35;Categoria Primera A;2015;Defender;Once Caldas;Colombia;32;3;1;2;0;0;0;14;2
Jonathan René Rosero Tobar;37;Categoria Primera A;2015;Midfielder;Deportivo Pasto;Colombia;2;0;0;0;0;0;0;0;0
Jonathan Restrepo Naranjo;28;Categoria Primera A;2015;Midfielder;Deportivo Pasto;Colombia;2;0;0;0;0;0;0;0;0
Jonathan Segura;32;Categoria Primera A;2015;Midfielder;Patriotas Boyacá;Colombia;16;0;0;0;0;0;0;6;0
Jonathan Yulián Mejía Chaverra;32;Categoria Primera A;2015;Midfielder;Atlético Nacional;Colombia;20;1;1;0;0;0;0;3;0
Jonis López Ballesteros;27;Categoria Primera A;2015;Defender;Cortuluá;Colombia;5;0;0;0;0;0;0;0;0
Jonny Ferney Mosquera Mena;31;Categoria Primera A;2015;Midfielder;Envigado;Colombia;3;0;0;0;0;0;0;2;1
Jordin José Soracá Turizo;28;Categoria Primera A;2015;Defender;Atlético Huila;Colombia;2;0;0;0;0;0;0;1;0
Jordy Monroy;26;Categoria Primera A;2015;Defender;Santa Fe;Colombia;6;0;0;0;0;0;0;0;0
Jorge Andrés Aguirre Restrepo;35;Categoria Primera A;2015;Forward;Junior;Colombia;39;7;5;2;0;0;0;1;0
Jorge Andrés Carrascal Guardo;24;Categoria Primera A;2015;Midfielder;Millonarios;Colombia;1;0;0;0;0;0;0;0;0
Jorge Andrés Guillén Ovalle;26;Categoria Primera A;2015;Midfielder;La Equidad;Colombia;2;0;0;0;0;0;0;0;0
Jorge Andrés Ramírez Frostte;36;Categoria Primera A;2015;Forward;Patriotas Boyacá;Uruguay;34;9;4;5;0;0;0;13;0
Jorge Andrés Segura Portocarrero;25;Categoria Primera A;2015;Defender;Envigado;Colombia;0;0;0;0;0;0;0;0;0
Jorge Arias;29;Categoria Primera A;2015;Defender;Independiente Medellín;Colombia;19;0;0;0;0;0;0;3;0
Jorge Esteban Hernández García;30;Categoria Primera A;2015;Defender;Deportivo Pasto;Colombia;8;0;0;0;0;0;0;4;0
Jorge Hernán Menosse Acosta;35;Categoria Primera A;2015;Defender;Once Caldas;Uruguay;13;1;0;1;0;0;0;3;1
Jorge Iván Soto Botero;29;Categoria Primera A;2015;Goalkeeper;Deportivo Pasto;Colombia;12;0;0;0;0;0;0;2;0
Jorge Leonardo Obregón Rojas;25;Categoria Primera A;2015;Midfielder;Santa Fe;Colombia;1;0;0;0;0;0;0;0;0
Jorge Luis Ramos Sánchez;29;Categoria Primera A;2015;Forward;Uniautónoma;Colombia;35;1;1;0;0;0;0;3;0
José Adolfo Guerra Argote;35;Categoria Primera A;2015;Forward;Envigado;Colombia;14;4;3;1;0;0;0;4;0
José Alberto Mondragón Mina;28;Categoria Primera A;2015;Defender;Jaguares de Córdoba;Colombia;16;0;0;0;0;0;0;2;0
José Alcídes Moreno Mora;40;Categoria Primera A;2015;Forward;Jaguares de Córdoba;Colombia;11;4;2;2;0;0;0;2;0
José Antonio Amaya Pardo;42;Categoria Primera A;2015;Midfielder;Uniautónoma;Colombia;32;0;0;0;0;0;0;11;0
José Daniel Quiñónes Olave;28;Categoria Primera A;2015;Defender;Boyacá Chicó;Colombia;18;0;0;0;0;0;0;4;0
José David González Castañeda;27;Categoria Primera A;2015;Midfielder;Santa Fe;Colombia;0;0;0;0;0;0;0;0;0
José David Leudo Romaña;28;Categoria Primera A;2015;Midfielder;Deportivo Pasto;Colombia;28;0;0;0;0;0;0;12;2
José David Lloreda Guevara;28;Categoria Primera A;2015;Forward;Rionegro Águilas;Colombia;17;1;1;0;0;0;0;2;0
José Fernando Cuadrado Romero;37;Categoria Primera A;2015;Goalkeeper;Once Caldas;Colombia;37;0;0;0;0;0;0;5;0
José Harrison Otálvaro Arce;36;Categoria Primera A;2015;Midfielder;Millonarios;Colombia;13;1;1;0;0;0;0;0;0
José Huber Escobar Giraldo;34;Categoria Primera A;2015;Goalkeeper;Boyacá Chicó;Colombia;17;0;0;0;0;0;0;2;0
José Iván Vélez Castillo;38;Categoria Primera A;2015;Defender;Junior;Colombia;31;1;0;1;0;0;0;4;0
José Luis Chunga Vega;31;Categoria Primera A;2015;Goalkeeper;Junior;Colombia;3;0;0;0;0;0;0;0;0
José Luis Díaz Rincón;27;Categoria Primera A;2015;Defender;Boyacá Chicó;Colombia;11;0;0;0;0;0;0;1;0
José Luis García Herrera;34;Categoria Primera A;2015;Defender;Uniautónoma;Colombia;11;1;0;1;0;0;0;6;1
José Luis Moreno Peña;25;Categoria Primera A;2015;Defender;Once Caldas;Colombia;21;4;2;2;0;0;0;10;1
José Miguel Paz Hurtado;27;Categoria Primera A;2015;Goalkeeper;Deportes Tolima;Colombia;0;0;0;0;0;0;0;0;0
José Ramiro Sánchez Carvajal;38;Categoria Primera A;2015;Goalkeeper;Millonarios;Colombia;0;0;0;0;0;0;0;0;0
José Rodrigo Castillo Angulo;36;Categoria Primera A;2015;Midfielder;Cortuluá;Colombia;1;0;0;0;0;0;0;0;0
Jossimar Andrés Gómez Pereira;35;Categoria Primera A;2015;Midfielder;Junior;Colombia;8;0;0;0;0;0;0;4;1
Juan Alberto Mosquera Álvarez;26;Categoria Primera A;2015;Midfielder;Envigado;Colombia;12;0;0;0;0;0;0;4;0
Juan Alejandro Mahecha Molina;35;Categoria Primera A;2015;Midfielder;Boyacá Chicó;Colombia;26;0;0;0;0;0;0;7;0
Juan Andrés Arizala Rivera;27;Categoria Primera A;2015;Forward;Deportivo Pasto;Colombia;9;0;0;0;0;0;0;0;0
Juan Andrés Balanta Palacios;25;Categoria Primera A;2015;Forward;Deportivo Cali;Colombia;3;0;0;0;0;0;0;1;0
Juan Camilo Angulo Villegas;33;Categoria Primera A;2015;Defender;Independiente Medellín;Colombia;13;0;0;0;0;0;0;4;0
Juan Camilo Bolaños Paredes;26;Categoria Primera A;2015;Defender;Cortuluá;Colombia;0;0;0;0;0;0;0;0;0
Juan Camilo Pérez Saldarriaga;36;Categoria Primera A;2015;Defender;Rionegro Águilas;Colombia;26;0;0;0;0;0;0;8;0
Juan Camilo Roa Estrada;27;Categoria Primera A;2015;Midfielder;Cortuluá;Colombia;36;2;0;2;0;0;0;7;0
Juan Camilo Saiz Ortegón;30;Categoria Primera A;2015;Defender;Independiente Medellín;Colombia;20;1;0;1;0;0;0;7;0
Juan Camilo Zapata Londoño;28;Categoria Primera A;2015;Forward;Envigado;Colombia;31;2;1;1;0;0;0;2;0
Juan Carlos Escobar Rodríguez;39;Categoria Primera A;2015;Midfielder;Uniautónoma;Colombia;5;0;0;0;0;0;0;1;0
Juan Carlos Guazá Pedroza;42;Categoria Primera A;2015;Midfielder;Deportivo Cali;Colombia;22;1;1;0;0;0;0;9;1
Juan Carlos Henao Valencia;50;Categoria Primera A;2015;Goalkeeper;Once Caldas;Colombia;6;0;0;0;0;0;0;4;0
Juan Carlos Mosquera Gómez;39;Categoria Primera A;2015;Defender;Cortuluá;Colombia;29;0;0;0;0;0;0;6;1
Juan Carlos Villa Úsuga;30;Categoria Primera A;2015;Forward;Jaguares de Córdoba;Colombia;1;0;0;0;0;0;0;0;0
Juan Daniel Murillo Machado;34;Categoria Primera A;2015;Defender;Rionegro Águilas;Colombia;18;0;0;0;0;0;0;2;0
Juan Daniel Roa Reyes;31;Categoria Primera A;2015;Midfielder;Santa Fe;Colombia;26;1;1;0;0;0;0;8;0
Juan David Cabezas Núñez;31;Categoria Primera A;2015;Midfielder;Deportivo Cali;Colombia;32;1;0;1;0;0;0;8;1
Juan David Campo Bermúdez;29;Categoria Primera A;2015;Midfielder;Cortuluá;Colombia;21;0;0;0;0;0;0;4;0
Juan David Cruz Díaz;33;Categoria Primera A;2015;Goalkeeper;Boyacá Chicó;Colombia;0;0;0;0;0;0;0;0;0
Juan David Gómez Gómez;26;Categoria Primera A;2015;Goalkeeper;Independiente Medellín;Colombia;0;0;0;0;0;0;0;0;0
Juan David Muriel Cruz;33;Categoria Primera A;2015;Defender;Deportivo Pasto;Colombia;6;0;0;0;0;0;0;2;0
Juan David Valencia Arboleda;29;Categoria Primera A;2015;Goalkeeper;Rionegro Águilas;Colombia;0;0;0;0;0;0;0;0;0
Juan David Valencia Hinestroza;36;Categoria Primera A;2015;Midfielder;Atlético Nacional;Colombia;18;3;3;0;0;0;0;3;0
Juan Domingo Berdún;35;Categoria Primera A;2015;Midfielder;Uniautónoma;Argentina;15;1;1;0;0;0;0;2;0
Juan Esteban Jiménez Villada;26;Categoria Primera A;2015;Goalkeeper;Envigado;Colombia;0;0;0;0;0;0;0;0;0
Juan Esteban Ortiz Blandón;35;Categoria Primera A;2015;Midfielder;Atlético Huila;Colombia;24;0;0;0;0;0;0;11;1
Juan Fernando Caicedo Benítez;33;Categoria Primera A;2015;Forward;Independiente Medellín;Colombia;43;17;7;10;0;0;0;2;0
Juan Fernando Niño Perdómo;32;Categoria Primera A;2015;Midfielder;Atlético Huila;USA;19;0;0;0;0;0;0;2;0
Juan Guillermo Arboleda Sánchez;33;Categoria Primera A;2015;Defender;Alianza Petrolera;Colombia;36;0;0;0;0;0;0;8;1
Juan Guillermo Castillo Iriart;44;Categoria Primera A;2015;Goalkeeper;Patriotas Boyacá;Uruguay;36;0;0;0;0;0;0;6;0
Juan Guillermo Domínguez Cabezas;35;Categoria Primera A;2015;Defender;Junior;Colombia;25;1;1;0;0;0;0;4;0
Juan José Herrán Rojas;26;Categoria Primera A;2015;Midfielder;Atlético Huila;Colombia;0;0;0;0;0;0;0;0;0
Juan José Mezú Viáfara;33;Categoria Primera A;2015;Midfielder;Rionegro Águilas;Colombia;24;2;1;1;0;0;0;1;0
Juan Manuel Leyton Guerrero;32;Categoria Primera A;2015;Goalkeeper;Santa Fe;Colombia;2;0;0;0;0;0;0;0;0
Juan Pablo Nieto Salazar;29;Categoria Primera A;2015;Midfielder;Alianza Petrolera;Colombia;35;1;1;0;0;0;0;2;0
Juan Pérez;31;Categoria Primera A;2015;Forward;Junior;Colombia;39;6;3;3;0;0;0;3;1
Juan Quintero;27;Categoria Primera A;2015;Defender;Deportivo Cali;Colombia;11;0;0;0;0;0;0;4;0
Juan Sebastián Herrera Sanabria;27;Categoria Primera A;2015;Forward;Alianza Petrolera;Colombia;17;1;1;0;0;0;0;4;0
Juan Sebastián Santos;26;Categoria Primera A;2015;Midfielder;Cúcuta Deportivo;Colombia;2;0;0;0;0;0;0;0;0
Juan Sebastián Villota Vargas;30;Categoria Primera A;2015;Midfielder;La Equidad;Colombia;27;3;1;2;0;0;0;10;1
Julián Alveiro Quiñónes García;32;Categoria Primera A;2015;Defender;Deportes Tolima;Colombia;40;0;0;0;0;0;0;15;0
Julián Esteban Pachón Rodríguez;33;Categoria Primera A;2015;Defender;Boyacá Chicó;Colombia;5;0;0;0;0;0;0;1;0
Julián Guillermo Rojas;32;Categoria Primera A;2015;Midfielder;Deportivo Pasto;Colombia;16;1;0;1;0;0;0;5;1
Julián Hurtado Izquierdo;42;Categoria Primera A;2015;Defender;La Equidad;Colombia;24;2;1;1;0;0;0;7;2
Julio Agustín Quiñónes Pastrana;26;Categoria Primera A;2015;Forward;Deportivo Pasto;Colombia;3;1;1;0;0;0;0;1;0
Julio Ricardo Chávez Royero;27;Categoria Primera A;2015;Midfielder;Cortuluá;Colombia;5;0;0;0;0;0;0;1;0
Junior Armando Pyttiam Rangel Cordón;27;Categoria Primera A;2015;Midfielder;Cúcuta Deportivo;Colombia;1;0;0;0;0;0;0;0;0
Junior Josué Sandoval López;31;Categoria Primera A;2015;Midfielder;Jaguares de Córdoba;Honduras;14;1;0;1;0;0;0;1;0
Justin Arboleda Buenaños;30;Categoria Primera A;2015;Forward;Deportivo Pasto;Colombia;7;0;0;0;0;0;0;2;1
Kammel Hebanny Valencia Salazar;27;Categoria Primera A;2015;Forward;Boyacá Chicó;Colombia;4;0;0;0;0;0;0;0;0
Kelvin David Osorio Antury;28;Categoria Primera A;2015;Midfielder;Cortuluá;Colombia;2;0;0;0;0;0;0;0;0
Kenier Andrés Rentería Mena;27;Categoria Primera A;2015;Defender;Atlético Huila;Colombia;2;0;0;0;0;0;0;0;0
Kenner Yeffrey Rey Cuberos;25;Categoria Primera A;2015;Defender;Cúcuta Deportivo;Colombia;1;0;0;0;0;0;0;0;0
Kevin Alexander Balanta Lucumí;25;Categoria Primera A;2015;Defender;Deportivo Cali;Colombia;29;0;0;0;0;0;0;9;1
Kevin Alfredo Nieto Márquez;27;Categoria Primera A;2015;Forward;Rionegro Águilas;Colombia;2;1;0;1;0;0;0;0;0
Kévin Camilo Rendón Guerrero;29;Categoria Primera A;2015;Midfielder;Millonarios;Colombia;13;0;0;0;0;0;0;3;0
Kevin Mateo Cardona Bedoya;26;Categoria Primera A;2015;Midfielder;Envigado;Colombia;5;0;0;0;0;0;0;1;0
Kevin Rojas Ramírez;25;Categoria Primera A;2015;Midfielder;Cortuluá;Colombia;0;0;0;0;0;0;0;0;0
Kevin Wilson Piedrahita Velasco;31;Categoria Primera A;2015;Goalkeeper;Rionegro Águilas;USA;16;0;0;0;0;0;0;2;0
Larry Vásquez Ortega;29;Categoria Primera A;2015;Midfielder;Patriotas Boyacá;Colombia;32;0;0;0;0;0;0;6;0
Layneker Evelio Zafra Martínez;36;Categoria Primera A;2015;Defender;Atlético Huila;Venezuela;3;0;0;0;0;0;0;0;0
Leandro Javier Díaz Borsani;36;Categoria Primera A;2015;Midfielder;Once Caldas;Argentina;5;0;0;0;0;0;0;0;0
Léiner de Jesús Escalante Escorcia;30;Categoria Primera A;2015;Midfielder;Junior;Colombia;20;1;0;1;0;0;0;1;0
Leonardo Alexis Ossa López;33;Categoria Primera A;2015;Midfielder;Cúcuta Deportivo;Colombia;15;1;1;0;0;0;0;3;0
Leonardo Enrique Saldaña Carvajal;32;Categoria Primera A;2015;Defender;Jaguares de Córdoba;Colombia;39;1;1;0;0;0;0;5;0
Leonardo Javier Escorcia Barraza;26;Categoria Primera A;2015;Defender;Uniautónoma;Colombia;12;0;0;0;0;0;0;1;0
Leonel Ernesto García Dulce;27;Categoria Primera A;2015;Forward;Uniautónoma;Colombia;11;1;1;0;0;0;0;2;0
Lewis Alexander Ochoa Cassiani;37;Categoria Primera A;2015;Defender;Millonarios;Colombia;32;0;0;0;0;0;0;5;0
Leyvin Jhojane Balanta Fory;32;Categoria Primera A;2015;Defender;Santa Fe;Colombia;5;0;0;0;0;0;0;2;0
Lucas Ezequiel Díaz Canevaro;35;Categoria Primera A;2015;Defender;Boyacá Chicó;Argentina;2;0;0;0;0;0;0;0;0
Luciano Alejandro Ospina Londoño;31;Categoria Primera A;2015;Defender;Boyacá Chicó;Colombia;4;0;0;0;0;0;0;0;0
Luis Alberto Estacio Valverde;42;Categoria Primera A;2015;Goalkeeper;Deportivo Pasto;Colombia;14;0;0;0;0;0;0;2;0
Luis Alberto Tipton Palacio;30;Categoria Primera A;2015;Defender;Independiente Medellín;Colombia;15;1;1;0;0;0;0;3;0
Luis Alfonso Hurtado Osorio;28;Categoria Primera A;2015;Goalkeeper;Deportivo Cali;Colombia;2;0;0;0;0;0;0;0;0
Luis Alfonso Páez Restrepo;35;Categoria Primera A;2015;Forward;Rionegro Águilas;Colombia;28;10;6;4;0;0;0;7;1
Luis Ángel Robayo Cuadros;26;Categoria Primera A;2015;Midfielder;Cúcuta Deportivo;Colombia;2;0;0;0;0;0;0;0;0
Luis Antonio Calderón Orozco;32;Categoria Primera A;2015;Defender;Deportivo Cali;Colombia;1;0;0;0;0;0;0;0;0
Luis Arboleda Murillo;25;Categoria Primera A;2015;Defender;Once Caldas;Colombia;1;0;0;0;0;0;0;0;0
Luis Caicedo;26;Categoria Primera A;2015;Midfielder;Cortuluá;Colombia;1;0;0;0;0;0;0;0;0
Luis Carlos Arias Cardona;37;Categoria Primera A;2015;Forward;Independiente Medellín;Colombia;19;3;3;0;0;0;0;5;0
Luis Carlos de la Hoz Suárez;32;Categoria Primera A;2015;Forward;Junior;Colombia;2;0;0;0;0;0;0;1;0
Luis Carlos Espínola Ruíz;36;Categoria Primera A;2015;Midfielder;Alianza Petrolera;Paraguay;17;4;4;0;0;0;0;3;0
Luis Carlos Murillo;31;Categoria Primera A;2015;Defender;Once Caldas;Colombia;21;0;0;0;0;0;0;7;1
Luis Carlos Núñez Arias;30;Categoria Primera A;2015;Midfielder;Uniautónoma;Colombia;5;0;0;0;0;0;0;0;0
Luis Carlos Ruiz Morales;35;Categoria Primera A;2015;Forward;Atlético Nacional;Colombia;18;5;1;4;0;0;0;0;0
Luis Cuesta Cuesta;28;Categoria Primera A;2015;Forward;La Equidad;Colombia;5;0;0;0;0;0;0;0;0
Luis Eduardo López;35;Categoria Primera A;2015;Forward;Junior;Argentina;7;1;1;0;0;0;0;0;0
Luis Enrique Delgado Mantilla;41;Categoria Primera A;2015;Goalkeeper;Cúcuta Deportivo;Colombia;9;0;0;0;0;0;0;2;0
Luis Enrique Martínez Rodríguez;40;Categoria Primera A;2015;Goalkeeper;Atlético Nacional;Colombia;1;0;0;0;0;0;0;0;0
Luis Enrique Quiñónes;31;Categoria Primera A;2015;Forward;Santa Fe;Colombia;22;3;1;2;0;0;0;3;0
Luis Felipe Chará Zamora;41;Categoria Primera A;2015;Midfielder;Rionegro Águilas;Colombia;17;0;0;0;0;0;0;2;0
Luis Fernando Mosquera Alomía;36;Categoria Primera A;2015;Midfielder;Deportivo Cali;Colombia;1;0;0;0;0;0;0;0;0
Luis Francis D'Albenas Reyes;26;Categoria Primera A;2015;Forward;Patriotas Boyacá;Uruguay;0;0;0;0;0;0;0;0;0
Luis Hernán Mosquera Chamorro;33;Categoria Primera A;2015;Midfielder;Millonarios;Colombia;15;1;1;0;0;0;0;6;2
Luis Hernando Mena Sepúlveda;28;Categoria Primera A;2015;Midfielder;Boyacá Chicó;Colombia;26;0;0;0;0;0;0;9;0
Luis Humberto Nieves Mancillas;37;Categoria Primera A;2015;Forward;Independiente Medellín;Mexico;3;0;0;0;0;0;0;0;0
Luis Manuel Narváez Pitalúa;38;Categoria Primera A;2015;Midfielder;Junior;Colombia;39;1;0;1;0;0;0;9;0
Luis Manuel Orejuela García;27;Categoria Primera A;2015;Defender;Deportivo Cali;Colombia;4;0;0;0;0;0;0;1;0
Luis Manuel Seijas Gunther;36;Categoria Primera A;2015;Midfielder;Santa Fe;Venezuela;21;3;3;0;0;0;0;6;1
Luis Miguel Vergara Rodríguez;32;Categoria Primera A;2015;Defender;Cúcuta Deportivo;Colombia;13;1;1;0;0;0;0;6;0
Luis Vásquez;26;Categoria Primera A;2015;Goalkeeper;Independiente Medellín;Colombia;0;0;0;0;0;0;0;0;0
Macnelly Torres Berrío;37;Categoria Primera A;2015;Midfielder;Atlético Nacional;Colombia;38;2;2;0;0;0;0;5;0
Maicol Balanta Peña;32;Categoria Primera A;2015;Forward;Once Caldas;Colombia;5;0;0;0;0;0;0;0;0
Maicol Medina;25;Categoria Primera A;2015;Forward;Patriotas Boyacá;Colombia;5;0;0;0;0;0;0;0;0
Mairon Jair Quiñónes Cabezas;26;Categoria Primera A;2015;Defender;Deportivo Pasto;Colombia;7;0;0;0;0;0;0;3;1
Manuel Eutimio Berrío Palacios;26;Categoria Primera A;2015;Defender;Atlético Huila;Colombia;2;0;0;0;0;0;0;0;0
Manuel Fernando Loaiza Quintas;27;Categoria Primera A;2015;Goalkeeper;Deportivo Cali;Colombia;0;0;0;0;0;0;0;0;0
Marcelo Raúl Bergese Costamagna;37;Categoria Primera A;2015;Forward;Atlético Huila;Argentina;20;4;2;2;0;0;0;2;0
Marco Antonio Lazaga Dávalos;39;Categoria Primera A;2015;Forward;Cúcuta Deportivo;Paraguay;6;0;0;0;0;0;0;0;0
Marco Antonio Morgon Filho;34;Categoria Primera A;2015;Midfielder;Alianza Petrolera;Brazil;6;0;0;0;0;0;0;0;0
Marco Jhonnier Pérez Murillo;31;Categoria Primera A;2015;Forward;Deportes Tolima;Colombia;41;13;8;5;0;0;0;4;0
Marino García González;40;Categoria Primera A;2015;Defender;Jaguares de Córdoba;Colombia;6;0;0;0;0;0;0;2;1
Mario Alejandro González Castro;39;Categoria Primera A;2015;Midfielder;Millonarios;Colombia;2;0;0;0;0;0;0;0;0
Mario Martínez Rubio;37;Categoria Primera A;2015;Midfielder;Jaguares de Córdoba;Spain;4;0;0;0;0;0;0;2;0
Marlon Antonio Fernández Jiménez;36;Categoria Primera A;2015;Midfielder;Deportivo Pasto;Venezuela;31;5;3;2;0;0;0;8;0
Marlon Javier Piedrahita Londoño;37;Categoria Primera A;2015;Defender;Once Caldas;Colombia;36;4;0;4;0;0;0;11;1
Marlon Jonathan de Jesús Pabón;31;Categoria Primera A;2015;Forward;Cúcuta Deportivo;Ecuador;8;0;0;0;0;0;0;2;0
Marlos Moreno;25;Categoria Primera A;2015;Forward;Atlético Nacional;Colombia;17;5;3;2;0;0;0;0;0
Martín Edwin García Díaz;41;Categoria Primera A;2015;Forward;Jaguares de Córdoba;Colombia;8;0;0;0;0;0;0;1;0
Martín Enrique Arzuaga Coronel;41;Categoria Primera A;2015;Forward;Alianza Petrolera;Colombia;28;13;10;3;0;0;0;11;1
Martín Enrique Payares Campo;27;Categoria Primera A;2015;Defender;Cortuluá;Colombia;12;1;0;1;0;0;0;4;1
Martín Gerardo Morel;41;Categoria Primera A;2015;Midfielder;Cúcuta Deportivo;Argentina;13;1;0;1;0;0;0;2;0
Mateo Cassierra;25;Categoria Primera A;2015;Forward;Deportivo Cali;Colombia;23;8;3;5;0;0;0;0;0
Mateo Fígoli Martínez;38;Categoria Primera A;2015;Midfielder;Alianza Petrolera;Uruguay;21;3;2;1;0;0;0;2;0
Mateo Palacios Pretel;25;Categoria Primera A;2015;Midfielder;Boyacá Chicó;Colombia;4;0;0;0;0;0;0;0;0
Mateus Uribe;31;Categoria Primera A;2015;Midfielder;Deportes Tolima;Colombia;33;2;1;1;0;0;0;9;2
Matías Cahais;34;Categoria Primera A;2015;Defender;Independiente Medellín;Argentina;16;2;1;1;0;0;0;6;0
Mauricio González Villa;38;Categoria Primera A;2015;Forward;Jaguares de Córdoba;Colombia;6;0;0;0;0;0;0;1;0
Mauricio Marín Giraldo;37;Categoria Primera A;2015;Midfielder;Cúcuta Deportivo;Colombia;12;0;0;0;0;0;0;4;0
Mauricio Mina Quintero;40;Categoria Primera A;2015;Forward;Boyacá Chicó;Equatorial Guinea;23;3;1;2;0;0;0;1;0
Mauro Andrés Manotas Páez;27;Categoria Primera A;2015;Forward;Uniautónoma;Colombia;13;2;2;0;0;0;0;0;0
Maximiliano Ezequiel Núñez;35;Categoria Primera A;2015;Midfielder;Millonarios;Argentina;30;2;2;0;0;0;0;4;0
Mayer Andrés Candelo García;45;Categoria Primera A;2015;Midfielder;Millonarios;Colombia;40;3;3;0;0;0;0;5;0
Michael Barrios;31;Categoria Primera A;2015;Midfielder;Uniautónoma;Colombia;4;0;0;0;0;0;0;0;0
Michael Etulain Castro;41;Categoria Primera A;2015;Goalkeeper;Cúcuta Deportivo;Uruguay;15;0;0;0;0;0;0;1;0
Michael Nike Gómez Vega;25;Categoria Primera A;2015;Forward;Envigado;Colombia;10;0;0;0;0;0;0;0;0
Michael Ordóñez Rodríguez;32;Categoria Primera A;2015;Defender;Once Caldas;Colombia;21;1;0;1;0;0;0;5;0
Michael Ortega;31;Categoria Primera A;2015;Midfielder;Junior;Colombia;25;1;1;0;0;0;0;4;0
Michael Rangel;31;Categoria Primera A;2015;Forward;Millonarios;Colombia;16;6;2;4;0;0;0;2;0
Miguel Ángel Medina Asprilla;27;Categoria Primera A;2015;Midfielder;Cortuluá;Colombia;32;5;3;2;0;0;0;7;0
Miguel Ángel Murillo García;28;Categoria Primera A;2015;Forward;Deportivo Cali;Colombia;30;10;3;7;0;0;0;6;0
Miguel Antonio Pérez Jiménez;29;Categoria Primera A;2015;Forward;Cúcuta Deportivo;Colombia;25;1;0;1;0;0;0;1;0
Miguel Borja;29;Categoria Primera A;2015;Forward;Santa Fe;Colombia;33;10;7;3;0;0;0;7;0
Miguel Fernando Vargas Castaño;33;Categoria Primera A;2015;Goalkeeper;Cúcuta Deportivo;Colombia;8;0;0;0;0;0;0;2;0
Mike Campaz;34;Categoria Primera A;2015;Midfielder;Boyacá Chicó;Colombia;19;0;0;0;0;0;0;4;0
Miller Stiwar Mosquera Cabrera;30;Categoria Primera A;2015;Defender;Atlético Nacional;Colombia;6;0;0;0;0;0;0;0;0
Néider Alexander Batalla Caicedo;24;Categoria Primera A;2015;Midfielder;Cortuluá;Colombia;5;0;0;0;0;0;0;0;0
Nelino José Tapia Gil;31;Categoria Primera A;2015;Defender;Uniautónoma;Colombia;35;0;0;0;0;0;0;8;0
Nelson Alberto Barahona Collins;34;Categoria Primera A;2015;Midfielder;Alianza Petrolera;Panama;18;2;2;0;0;0;0;2;0
Nelson Eduardo Lemus Hurtado;33;Categoria Primera A;2015;Defender;Deportes Tolima;Colombia;9;0;0;0;0;0;0;3;0
Nelson Fernando Ramos Betancourt;40;Categoria Primera A;2015;Goalkeeper;Deportivo Pasto;Colombia;20;0;0;0;0;0;0;1;0
Nery Rubén Bareiro Zorrilla;34;Categoria Primera A;2015;Defender;Junior;Paraguay;13;0;0;0;0;0;0;3;1
Nicolás Benedetti Roa;25;Categoria Primera A;2015;Midfielder;Deportivo Cali;Colombia;16;3;2;1;0;0;0;3;0
Nicolás Carreño Suárez;29;Categoria Primera A;2015;Defender;Patriotas Boyacá;Colombia;35;1;0;1;0;0;0;10;0
Nicolás Fernando Rubio Guzmán;27;Categoria Primera A;2015;Midfielder;Envigado;Colombia;25;4;1;3;0;0;0;5;0
Nicolás Palacios Vidal;30;Categoria Primera A;2015;Defender;Deportes Tolima;Colombia;18;1;1;0;0;0;0;6;1
Nicolás Vikonis Mureau;38;Categoria Primera A;2015;Goalkeeper;Millonarios;Uruguay;43;0;0;0;0;0;0;6;0
Nilson David Castrillón Burbano;26;Categoria Primera A;2015;Midfielder;Deportivo Cali;Colombia;2;0;0;0;0;0;0;1;0
Norbey Salazar Giraldo;34;Categoria Primera A;2015;Midfielder;Santa Fe;Colombia;0;0;0;0;0;0;0;0;0
Norman Fredy Cabrera Valencia;33;Categoria Primera A;2015;Forward;Boyacá Chicó;Colombia;7;0;0;0;0;0;0;1;0
Oidel Jair Pérez Rivadeneira;31;Categoria Primera A;2015;Defender;Junior;Colombia;4;0;0;0;0;0;0;2;0
Omar Alfredo Guerra Castilla;41;Categoria Primera A;2015;Midfielder;Uniautónoma;Colombia;23;1;1;0;0;0;0;2;0
Omar Antonio Albornoz Contreras;26;Categoria Primera A;2015;Defender;Deportes Tolima;Colombia;10;0;0;0;0;0;0;1;0
Omar Mancilla Arboleda;27;Categoria Primera A;2015;Defender;Deportivo Pasto;Colombia;16;1;1;0;0;0;0;4;1
Omar Sebastián Pérez;41;Categoria Primera A;2015;Midfielder;Santa Fe;Argentina;21;1;1;0;0;0;0;5;0
Omar Yecid Manjarrés Noriega;27;Categoria Primera A;2015;Forward;Alianza Petrolera;Colombia;10;2;0;2;0;0;0;0;0
Orlando Enrique Berrío Meléndez;31;Categoria Primera A;2015;Forward;Atlético Nacional;Colombia;30;4;2;2;0;0;0;6;0
Oscar Alberto Briceño Bueno;36;Categoria Primera A;2015;Forward;Deportivo Pasto;Colombia;16;1;0;1;0;0;0;4;1
Óscar Alexander Caicedo Carabalí;26;Categoria Primera A;2015;Forward;Cúcuta Deportivo;Colombia;4;0;0;0;0;0;0;0;0
Oscar Darío Martínez Pantoja;41;Categoria Primera A;2015;Forward;Uniautónoma;Colombia;5;0;0;0;0;0;0;2;0
Oscar David Barreto Pérez;29;Categoria Primera A;2015;Midfielder;La Equidad;Colombia;31;3;2;1;0;0;0;4;1
Oscar Eduardo Estupiñán Vallesilla;25;Categoria Primera A;2015;Midfielder;Once Caldas;Colombia;10;1;1;0;0;0;0;0;0
Óscar Eduardo Rodas Vargas;35;Categoria Primera A;2015;Forward;Rionegro Águilas;Colombia;23;2;1;1;0;0;0;2;0
Oscar Enrique Galindo Rentería;28;Categoria Primera A;2015;Forward;Boyacá Chicó;Colombia;4;0;0;0;0;0;0;0;0
Oscar Fabián Murillo Murillo;34;Categoria Primera A;2015;Defender;Atlético Nacional;Colombia;37;3;3;0;0;0;0;7;1
Oscar Iván Balanta Mosquera;34;Categoria Primera A;2015;Forward;Boyacá Chicó;Colombia;29;2;0;2;0;0;0;6;1
Oscar Iván Méndez Giraldo;35;Categoria Primera A;2015;Midfielder;Cortuluá;Colombia;1;0;0;0;0;0;0;0;0
Oscar Javier Móvil Castillo;35;Categoria Primera A;2015;Forward;Boyacá Chicó;Colombia;9;0;0;0;0;0;0;1;1
Oscar Leonardo Becerra Gamboa;28;Categoria Primera A;2015;Midfielder;Boyacá Chicó;Venezuela;5;0;0;0;0;0;0;0;0
Oscar Manuel Oviedo Sánchez;26;Categoria Primera A;2015;Forward;Jaguares de Córdoba;Colombia;0;0;0;0;0;0;0;0;0
Osvaldo Ramón Cabral;37;Categoria Primera A;2015;Goalkeeper;Rionegro Águilas;Argentina;24;0;0;0;0;0;0;4;0
Oswaldo José Henríquez Bocanegra;33;Categoria Primera A;2015;Defender;Millonarios;Colombia;26;0;0;0;0;0;0;9;0
Oswaldo Villada Amaya;26;Categoria Primera A;2015;Goalkeeper;Patriotas Boyacá;Colombia;0;0;0;0;0;0;0;0;0
Otto Jesús Franco Mercado;27;Categoria Primera A;2015;Forward;Envigado;Colombia;19;0;0;0;0;0;0;7;0
Pablo Andrés Escobar Valencia;35;Categoria Primera A;2015;Defender;Cúcuta Deportivo;Colombia;22;0;0;0;0;0;0;8;0
Pablo Andrés Mina Ramírez;37;Categoria Primera A;2015;Goalkeeper;Cortuluá;Colombia;27;0;0;0;0;0;0;4;0
Pablo Andrés Orozco Isaza;26;Categoria Primera A;2015;Defender;Jaguares de Córdoba;Colombia;2;0;0;0;0;0;0;1;0
Pablo César Velázquez Centurión;35;Categoria Primera A;2015;Forward;Atlético Nacional;Paraguay;13;3;2;1;0;0;0;2;0
Pablo Daniel Zeballos Ocampos;36;Categoria Primera A;2015;Forward;Atlético Nacional;Paraguay;9;3;0;3;0;0;0;3;0
Pablo José Rojas Cardales;30;Categoria Primera A;2015;Forward;Uniautónoma;Colombia;19;5;2;3;0;0;0;4;0
Patricio Pablo Pérez Silva;37;Categoria Primera A;2015;Midfielder;Once Caldas;Argentina;18;3;3;0;0;0;0;3;0
Pedro Julián Chávez Ruiz;37;Categoria Primera A;2015;Midfielder;Atlético Huila;Paraguay;22;3;2;1;0;0;0;7;2
Pedro Pablo Tavima Alba;36;Categoria Primera A;2015;Defender;Boyacá Chicó;Colombia;35;0;0;0;0;0;0;16;2
Pier Luigi Grazziani Serrano;28;Categoria Primera A;2015;Goalkeeper;Alianza Petrolera;Colombia;3;0;0;0;0;0;0;0;0
Rafael Carrascal;29;Categoria Primera A;2015;Midfielder;Alianza Petrolera;Colombia;38;1;0;1;0;0;0;17;1
Rafael Fernando Robayo Marroquín;38;Categoria Primera A;2015;Midfielder;Millonarios;Colombia;39;3;1;2;0;0;0;4;0
Rafael Santos Borré;26;Categoria Primera A;2015;Forward;Deportivo Cali;Colombia;26;11;7;4;0;0;0;6;1
Ramón André Córdoba Mena;32;Categoria Primera A;2015;Defender;Jaguares de Córdoba;Colombia;13;0;0;0;0;0;0;6;0
Raúl Alberto Loaiza Morelos;28;Categoria Primera A;2015;Midfielder;Patriotas Boyacá;Colombia;27;0;0;0;0;0;0;7;0
Raúl Eduardo Peñaranda Contreras;31;Categoria Primera A;2015;Forward;Jaguares de Córdoba;Colombia;9;2;2;0;0;0;0;0;0
Raúl Murillo Navarro;27;Categoria Primera A;2015;Defender;Uniautónoma;Colombia;1;0;0;0;0;0;0;0;0
Raúl Wilfredo Peña Peña;26;Categoria Primera A;2015;Midfielder;Boyacá Chicó;Colombia;3;0;0;0;0;0;0;0;0
Ray Andrés Vanegas Zúñiga;29;Categoria Primera A;2015;Forward;Uniautónoma;Colombia;17;4;2;2;0;0;0;5;0
Ricardo Antonio Jérez Figueroa;36;Categoria Primera A;2015;Goalkeeper;Alianza Petrolera;Guatemala;38;0;0;0;0;0;0;6;0
Ricardo Cadavid Suárez;27;Categoria Primera A;2015;Defender;Santa Fe;Colombia;0;0;0;0;0;0;0;0;0
Ricardo Delgado Araújo;28;Categoria Primera A;2015;Midfielder;Jaguares de Córdoba;Colombia;15;1;0;1;0;0;0;2;0
Ricardo José Villarraga Marchena;32;Categoria Primera A;2015;Defender;Santa Fe;Colombia;18;0;0;0;0;0;0;9;0
Richard Stevens Rentería Moreno;26;Categoria Primera A;2015;Defender;Deportivo Cali;Colombia;5;0;0;0;0;0;0;1;0
Roberto Andrés Ovelar Maldonado;36;Categoria Primera A;2015;Forward;Junior;Paraguay;38;16;10;6;0;0;0;7;0
Robin Ariel Ramírez González;32;Categoria Primera A;2015;Forward;Deportes Tolima;Paraguay;29;8;8;0;0;0;0;5;0
Robinson Aponzá Carabalí;33;Categoria Primera A;2015;Midfielder;Deportes Tolima;Colombia;4;0;0;0;0;0;0;0;0
Robinson Zapata Montaño;43;Categoria Primera A;2015;Goalkeeper;Santa Fe;Colombia;11;0;0;0;0;0;0;1;1
Rodin Jair Quiñónes Rentería;27;Categoria Primera A;2015;Defender;Atlético Nacional;Colombia;4;0;0;0;0;0;0;0;0
Rodrigo Ariel Sevillano Cabezas;37;Categoria Primera A;2015;Defender;Deportivo Pasto;Colombia;10;0;0;0;0;0;0;2;0
Rodrigo Armando Vergara Brango;27;Categoria Primera A;2015;Forward;Boyacá Chicó;Colombia;0;0;0;0;0;0;0;0;0
Rodrigo Ernesto Soria;35;Categoria Primera A;2015;Midfielder;Deportivo Pasto;Argentina;13;2;1;1;0;0;0;4;0
Rodrigo Odriozola López;34;Categoria Primera A;2015;Goalkeeper;Deportivo Pasto;Uruguay;8;0;0;0;0;0;0;1;0
Rodrigo Stiven Alzate Heredia;27;Categoria Primera A;2015;Defender;Once Caldas;Colombia;1;0;0;0;0;0;0;1;0
Róger Mauricio Torres Hoya;31;Categoria Primera A;2015;Midfielder;La Equidad;Colombia;23;1;1;0;0;0;0;3;0
Rogerio Luis Leichtweis;34;Categoria Primera A;2015;Forward;Deportes Tolima;Paraguay;19;3;2;1;0;0;0;0;0
Román Aureliano Torres Morcillo;36;Categoria Primera A;2015;Defender;Millonarios;Panama;17;3;2;1;0;0;0;5;0
Ronald Rengifo Abadía;31;Categoria Primera A;2015;Forward;Cortuluá;Colombia;1;0;0;0;0;0;0;0;0
Ronny Rodríguez Peña;28;Categoria Primera A;2015;Midfielder;Boyacá Chicó;Colombia;5;1;1;0;0;0;0;1;0
Rubén Leonardo Pico Carvajal;30;Categoria Primera A;2015;Midfielder;Patriotas Boyacá;Colombia;35;1;1;0;0;0;0;10;0
Samuel Antonio Vanegas Luna;45;Categoria Primera A;2015;Defender;Rionegro Águilas;Colombia;4;0;0;0;0;0;0;1;0
Santiago García Palacios;27;Categoria Primera A;2015;Forward;Patriotas Boyacá;Colombia;1;0;0;0;0;0;0;0;0
Santiago Londoño;27;Categoria Primera A;2015;Goalkeeper;Envigado;Colombia;0;0;0;0;0;0;0;0;0
Santiago Rodas Restrepo;32;Categoria Primera A;2015;Goalkeeper;Alianza Petrolera;Colombia;1;0;0;0;0;0;0;1;1
Santiago Román García;26;Categoria Primera A;2015;Forward;Once Caldas;Colombia;1;0;0;0;0;0;0;0;0
Santiago Ruiz Rojas;25;Categoria Primera A;2015;Defender;Envigado;Colombia;1;0;0;0;0;0;0;0;0
Sebastián Acosta Pineda;27;Categoria Primera A;2015;Midfielder;Patriotas Boyacá;Colombia;5;0;0;0;0;0;0;1;0
Sebastián Alberto López;36;Categoria Primera A;2015;Goalkeeper;Uniautónoma;Argentina;39;0;0;0;0;0;0;3;0
Sebastián Arango Mercado;26;Categoria Primera A;2015;Goalkeeper;Boyacá Chicó;Colombia;0;0;0;0;0;0;0;0;0
Sebastián Arias Molina;35;Categoria Primera A;2015;Defender;Jaguares de Córdoba;Colombia;9;0;0;0;0;0;0;2;0
Sebastián Ariel Penco;38;Categoria Primera A;2015;Forward;Once Caldas;Argentina;23;4;2;2;0;0;0;2;1
Sebastián Britos;34;Categoria Primera A;2015;Goalkeeper;Cortuluá;Uruguay;11;0;0;0;0;0;0;1;0
Sebastián Enrique Salazar Beltrán;26;Categoria Primera A;2015;Midfielder;Santa Fe;Colombia;18;0;0;0;0;0;0;5;1
Sebastián Escobar Chaverra;24;Categoria Primera A;2015;Forward;Deportivo Cali;Colombia;3;0;0;0;0;0;0;1;0
Sebastián Macías Correa;26;Categoria Primera A;2015;Midfielder;Independiente Medellín;Colombia;3;0;0;0;0;0;0;0;0
Sebastián Pérez;29;Categoria Primera A;2015;Midfielder;Atlético Nacional;Colombia;25;1;1;0;0;0;0;5;0
Sebastián Támara Manrrique;26;Categoria Primera A;2015;Forward;Atlético Nacional;Colombia;1;1;0;1;0;0;0;0;0
Sebastián Viera;39;Categoria Primera A;2015;Goalkeeper;Junior;Uruguay;45;0;0;0;0;0;0;3;0
Sérgio Andrés Avellaneda Morales;32;Categoria Primera A;2015;Goalkeeper;Cúcuta Deportivo;Colombia;5;0;0;0;0;0;0;1;0
Sergio Andrés Quiñónes Ortiz;27;Categoria Primera A;2015;Forward;Boyacá Chicó;Colombia;14;0;0;0;0;0;0;3;1
Sergio Esteban Romero Méndez;33;Categoria Primera A;2015;Forward;Millonarios;Colombia;18;5;2;3;0;0;0;0;0
Sergio Felipe Román Palacios;27;Categoria Primera A;2015;Goalkeeper;Once Caldas;Colombia;0;0;0;0;0;0;0;0;0
Sergio Leonardo Villarreal Ruiz;27;Categoria Primera A;2015;Midfielder;Millonarios;Colombia;15;0;0;0;0;0;0;5;0
Sergio Mosquera;28;Categoria Primera A;2015;Defender;Envigado;Colombia;19;1;0;1;0;0;0;2;0
Sergio Otálvaro;35;Categoria Primera A;2015;Defender;Santa Fe;Colombia;23;0;0;0;0;0;0;6;0
Sergio Roney Chacón Nova;26;Categoria Primera A;2015;Defender;Cúcuta Deportivo;Colombia;0;0;0;0;0;0;0;0;0
Sleater Arroyo Martínez;26;Categoria Primera A;2015;Midfielder;Deportes Tolima;Colombia;1;0;0;0;0;0;0;0;0
Stalin Motta Vaquiro;38;Categoria Primera A;2015;Midfielder;La Equidad;Colombia;36;5;3;2;0;0;0;10;1
Stiven Pretel Castillo;27;Categoria Primera A;2015;Midfielder;Cortuluá;Colombia;3;0;0;0;0;0;0;1;0
Stiven Vega Londoño;24;Categoria Primera A;2015;Defender;Millonarios;Colombia;7;0;0;0;0;0;0;2;0
Tommy Tobar Reyes;35;Categoria Primera A;2015;Forward;Patriotas Boyacá;Colombia;8;0;0;0;0;0;0;3;1
Ulises de Jesús Tavares Reynoso;29;Categoria Primera A;2015;Forward;La Equidad;Mexico;14;1;1;0;0;0;0;1;0
Venji Yesid Castrillón Gómez;27;Categoria Primera A;2015;Midfielder;Envigado;Colombia;2;0;0;0;0;0;0;1;0
Víctor Alberto Salazar Cuesta;31;Categoria Primera A;2015;Forward;Millonarios;Colombia;1;0;0;0;0;0;0;0;0
Víctor Alfonso Castillo Ocoró;35;Categoria Primera A;2015;Midfielder;Alianza Petrolera;Colombia;33;1;0;1;0;0;0;16;2
Victor Alfonso Guazá Lucumí;37;Categoria Primera A;2015;Forward;Boyacá Chicó;Colombia;7;0;0;0;0;0;0;1;0
Víctor Hugo Giraldo López;36;Categoria Primera A;2015;Defender;Deportivo Cali;Colombia;7;0;0;0;0;0;0;3;0
Víctor Hugo Ocampo Idárraga;29;Categoria Primera A;2015;Midfielder;Uniautónoma;Colombia;2;0;0;0;0;0;0;0;0
Víctor Javier Cortés;46;Categoria Primera A;2015;Forward;Uniautónoma;Colombia;16;2;1;1;0;0;0;4;0
Víctor Manuel Arboleda Murillo;25;Categoria Primera A;2015;Forward;Deportivo Cali;Colombia;6;1;1;0;0;0;0;0;0
Victor Manuel Zapata Mera;36;Categoria Primera A;2015;Midfielder;Rionegro Águilas;Colombia;16;0;0;0;0;0;0;3;0
Vladimir Delgado Ruíz;29;Categoria Primera A;2015;Midfielder;Cortuluá;Colombia;10;0;0;0;0;0;0;1;0
Vladimir Javier Hernández Rivero;33;Categoria Primera A;2015;Midfielder;Junior;Colombia;41;10;5;5;0;0;0;3;0
Vladimir Marín Ríos;42;Categoria Primera A;2015;Midfielder;Rionegro Águilas;Colombia;35;3;1;2;0;0;0;8;0
Walmer Pacheco Mejía;27;Categoria Primera A;2015;Defender;Uniautónoma;Colombia;29;0;0;0;0;0;0;10;2
Wason Libardo Rentería Cuesta;37;Categoria Primera A;2015;Forward;La Equidad;Colombia;18;5;0;5;0;0;0;6;0
Wílder José Salazar Cuitiva;37;Categoria Primera A;2015;Midfielder;Jaguares de Córdoba;Colombia;34;2;1;1;0;0;0;8;0
Wílder Mosquera Romaña;37;Categoria Primera A;2015;Goalkeeper;Jaguares de Córdoba;Colombia;7;0;0;0;0;0;0;3;0
Wilfrido De La Rosa Mendoza;29;Categoria Primera A;2015;Forward;Deportes Tolima;Colombia;10;1;1;0;0;0;0;0;0
William David Cuesta Mosquera;29;Categoria Primera A;2015;Goalkeeper;La Equidad;Colombia;0;0;0;0;0;0;0;0;0
William Enrique Palacio González;28;Categoria Primera A;2015;Forward;Jaguares de Córdoba;Colombia;17;2;2;0;0;0;0;5;0
William José Tesillo Gutiérrez;32;Categoria Primera A;2015;Defender;Junior;Colombia;42;0;0;0;0;0;0;7;0
William Omar Duarte Figueroa;27;Categoria Primera A;2015;Forward;Atlético Huila;Colombia;8;0;0;0;0;0;0;1;0
William Orlando Arias Bermúdez;32;Categoria Primera A;2015;Goalkeeper;Deportes Tolima;Colombia;0;0;0;0;0;0;0;0;0
William Zapata Brand;34;Categoria Primera A;2015;Forward;Boyacá Chicó;Colombia;21;1;1;0;0;0;0;6;0
Williams Ivann Buenaños Mosquera;38;Categoria Primera A;2015;Goalkeeper;Jaguares de Córdoba;Colombia;30;0;0;0;0;0;0;6;0
Willianson Córdoba Palacios;31;Categoria Primera A;2015;Defender;Boyacá Chicó;Colombia;11;1;1;0;0;0;0;6;1
Wilmar Barrios;28;Categoria Primera A;2015;Midfielder;Deportes Tolima;Colombia;37;3;1;2;0;0;0;15;2
Wílmer Díaz Lucumí;44;Categoria Primera A;2015;Defender;La Equidad;Colombia;32;1;0;1;0;0;0;8;0
Wílson Antonio Mena Asprilla;35;Categoria Primera A;2015;Forward;Deportivo Pasto;Colombia;15;1;0;1;0;0;0;0;0
Wilson David Morelo López;35;Categoria Primera A;2015;Forward;Santa Fe;Colombia;24;12;8;4;0;0;0;1;0
Wilson Mateo López Presiga;25;Categoria Primera A;2015;Midfielder;Independiente Medellín;Colombia;1;0;0;0;0;0;0;0;0
Yair Arboleda Quiñónes;26;Categoria Primera A;2015;Midfielder;Santa Fe;Colombia;6;1;1;0;0;0;0;3;0
Yair Arrechea Amú;41;Categoria Primera A;2015;Defender;Santa Fe;Colombia;24;3;3;0;0;0;0;8;0
Yair Yulián Martínez Torres;27;Categoria Primera A;2015;Midfielder;Uniautónoma;Colombia;0;0;0;0;0;0;0;0;0
Yairo Yesid Moreno Berrío;27;Categoria Primera A;2015;Midfielder;La Equidad;Colombia;19;0;0;0;0;0;0;1;0
Yamilson Alexis Rivera Hurtado;33;Categoria Primera A;2015;Forward;Santa Fe;Colombia;11;0;0;0;0;0;0;1;0
Yamith Cuesta Romaña;33;Categoria Primera A;2015;Defender;Deportivo Pasto;Colombia;3;0;0;0;0;0;0;0;0
Yan Carlos Mosquera Palacios;27;Categoria Primera A;2015;Midfielder;Rionegro Águilas;Colombia;3;0;0;0;0;0;0;2;1
Yeison Stiven Gordillo Vargas;30;Categoria Primera A;2015;Midfielder;Santa Fe;Colombia;29;1;1;0;0;0;0;9;0
Yeison Suárez;25;Categoria Primera A;2015;Defender;Deportivo Cali;Colombia;1;0;0;0;0;0;0;0;0
Yerry Mina;27;Categoria Primera A;2015;Defender;Santa Fe;Colombia;23;2;1;1;0;0;0;4;0
Yerson Candelo;30;Categoria Primera A;2015;Midfielder;Deportivo Cali;Colombia;25;1;0;1;0;0;0;3;0
Yesid Alberto Aponzá Romero;30;Categoria Primera A;2015;Midfielder;La Equidad;Colombia;16;1;0;1;0;0;0;4;1
Yésinguer Jiménez Bustamante;31;Categoria Primera A;2015;Midfielder;Boyacá Chicó;Colombia;4;1;0;1;0;0;0;1;0
Yessy Ferley Mena Palacios;33;Categoria Primera A;2015;Forward;Junior;Colombia;15;3;3;0;0;0;0;1;0
Yhonny Albeiro Ramírez Lozano;39;Categoria Primera A;2015;Midfielder;Junior;Colombia;14;1;1;0;0;0;0;8;2
Yilmar Alonso Angulo González;35;Categoria Primera A;2015;Midfielder;Independiente Medellín;Colombia;22;0;0;0;0;0;0;10;1
Yilmar Antonio Mosquera Perea;26;Categoria Primera A;2015;Goalkeeper;Santa Fe;Colombia;0;0;0;0;0;0;0;0;0
Yimmi Chará;31;Categoria Primera A;2015;Forward;Atlético Nacional;Colombia;24;5;3;2;0;0;0;1;0
Yohn Géiler Mosquera Martínez;33;Categoria Primera A;2015;Midfielder;Rionegro Águilas;Colombia;27;0;0;0;0;0;0;5;0
Yoiver González Mosquera;32;Categoria Primera A;2015;Defender;Millonarios;Equatorial Guinea;0;0;0;0;0;0;0;0;0
Yonaider Ortega Crespo;34;Categoria Primera A;2015;Midfielder;Jaguares de Córdoba;Colombia;6;0;0;0;0;0;0;0;0
Yonatan Yovanny Murillo Alegría;30;Categoria Primera A;2015;Defender;La Equidad;Colombia;27;0;0;0;0;0;0;5;0
Yonni Fernando Hinestroza Lozano;38;Categoria Primera A;2015;Defender;Cortuluá;Colombia;29;1;1;0;0;0;0;6;0
Yony González;28;Categoria Primera A;2015;Midfielder;Envigado;Colombia;34;9;5;4;0;0;0;5;1
Yosse Esteban Hernández Bolaños;27;Categoria Primera A;2015;Goalkeeper;Cúcuta Deportivo;Colombia;0;0;0;0;0;0;0;0;0
Yovani José Ricardo García;32;Categoria Primera A;2015;Forward;Jaguares de Córdoba;Colombia;13;0;0;0;0;0;0;4;1
Yovanny Arrechea Amú;39;Categoria Primera A;2015;Forward;Atlético Huila;Colombia;22;3;2;1;0;0;0;4;1
Yuber Alberto Asprilla Viera;29;Categoria Primera A;2015;Forward;Deportivo Pasto;Colombia;19;4;3;1;0;0;0;1;0
Yuberney Franco Gaviria;37;Categoria Primera A;2015;Forward;Uniautónoma;Colombia;30;6;4;2;0;0;0;9;1
Yulián José Anchico Patiño;38;Categoria Primera A;2015;Defender;Santa Fe;Colombia;20;1;1;0;0;0;0;10;2
Zamir Valoyes Naboyán;36;Categoria Primera A;2015;Forward;Junior;Colombia;6;0;0;0;0;0;0;0;0
